ID,group,Abies firma,Distylium racemosum,Castanopsis sieboldii,Pinus densiflora,Pinus thunbergii,Machilus thunbergii,Quercus salicina,Tsuga sieboldii,Quercus acuta,Machilus japonica,Fagus crenata,Cleyera japonica,Camellia japonica,Illicium anisatum,Quercus gilva,Carpinus tschonoskii,Cryptomeria japonica,Chamaecyparis obtusa,Quercus glauca,Quercus crispula var. crispula,Cerasus jamasakura,Quercus serrata,Lithocarpus edulis,Cinnamomum yabunikkei,Cinnamomum camphora,Betula grossa,Toxicodendron sylvestre,Zelkova serrata,Cornus controversa var. controversa
K001,past,0.0,0.0,0.0,0.0,1.5256359323995432,0.0,0.0,0.0,0.0,0.0,0.0,0.0,0.0,0.0,0.0,0.0,0.0,0.0,0.0,0.0,0.0,0.0,0.0,0.0,0.0,0.0,0.0,0.0,0.0
K002,past,0.0,0.0,0.0,0.0,0.10602875205865553,0.0,0.0,0.0,0.0,0.0,0.0,0.0,0.0,0.0,0.0,0.0,0.0,0.0,0.0,0.0,0.0,0.0,0.0,0.0,0.0,0.0,0.0,0.0,0.0
K003,past,0.0,0.06675884388878311,0.04908738521234052,0.0,15.425219929125884,0.08246680715673207,0.0,0.0,0.0,0.0,0.0,0.0,0.0,0.0,0.0,0.0,0.0,0.0,0.0,0.0,0.0,0.0,0.0,0.0,0.0,0.0,0.0,0.0,0.0
K004,past,0.0,2.454369260617026,8.311476064153496,0.0,0.0,0.0,9.008516934168732,0.0,0.6243915399009714,2.5466535448162264,0.0,0.9346238144429635,0.5929756133650734,0.06675884388878311,0.3043417883165112,0.0,0.0,0.0,0.0,0.0,0.0,0.0,0.0,0.0,0.0,0.0,0.0,0.0,0.0
K005,past,0.0,3.2751103413673595,16.509069394614365,0.0,0.0,9.051713833155592,2.7626380397505246,0.0,0.0,6.37743308678728,0.0,0.5517422097867074,0.46534841181298814,0.0,0.600829594999048,0.0,0.0,0.0,0.0,0.0,0.0,0.0,0.0,0.0,0.0,0.0,0.0,0.0,0.0
K006,past,0.0,10.035425032810895,6.21446296788231,0.0,0.0,6.033821390300896,2.4268803248981152,0.0,1.7102045007979436,9.171487053073703,0.0,2.0224002707484297,0.56941366846315,0.3475386873033709,0.031415926535897934,0.0,0.0,0.0,0.0,0.0,0.0,0.0,0.0,0.0,0.0,0.0,0.0,0.0,0.0
K007,past,0.0,10.557714811470198,19.96678480897163,0.0,0.0,0.3887720908817369,6.090762757147211,0.0,0.5674501730546564,1.0426160619101126,0.0,3.355613653115598,1.0583240251780617,0.68329640215578,0.0,0.0,0.0,0.0,0.0,0.0,0.0,0.0,0.0,0.0,0.0,0.0,0.0,0.0,0.0
K008,past,0.0,0.0,0.007853981633974483,0.0,9.92939628075224,0.02552544031041707,0.09817477042468103,0.0,0.0,0.0,0.0,0.0,0.007853981633974483,0.0,0.0,0.0,0.0,0.0,0.0,0.0,0.0,0.0,0.0,0.0,0.0,0.0,0.0,0.0,0.0
K009,past,0.0,0.0,0.35539266893734534,6.006332454581986,0.43000549446010294,0.0,0.0,0.0,0.15904312808798327,0.0,0.0,0.0,0.0,0.0,0.0,0.0,0.0,0.0,0.0,0.0,0.0,0.0,0.0,0.0,0.0,0.0,0.0,0.0,0.0
K010,past,0.0,1.4058627124814325,24.27273023979814,0.0,0.0,1.0720684930375168,3.208351497478576,0.0,0.4594579255875073,1.8162332528565992,0.0,0.6852598975642736,0.24936391687868983,1.0681415022205298,0.0,0.0,0.0,0.0,0.0,0.0,0.0,0.0,0.0,0.0,0.0,0.0,0.0,0.0,0.0
K011,past,0.0,11.68083418512855,19.737055846177874,6.858489461868217,0.9621127501618741,7.296348937962295,5.334817024877168,0.0,0.5301437602932776,0.0746128255227576,0.0,1.3194689145077132,1.2664545384783854,0.5399612373357457,0.0,0.0,0.0,0.0,0.0,0.0,0.0,0.0,0.0,0.0,0.0,0.0,0.0,0.0,0.0
K012,past,2.8293968836393075,0.0,0.0,0.0,0.0,0.0,0.2709623663721197,0.0,7.270823497651878,0.0,0.0,1.449059611468292,3.2436944148314617,2.703733177495716,0.0,0.0,0.0,0.0,0.0,0.0,0.0,0.0,0.0,0.0,0.0,0.0,0.0,0.0,0.0
K013,past,16.511032890022857,0.2532909076956771,0.8874999246391166,0.0,0.0,0.19634954084936207,0.2650718801466388,0.0,0.03337942194439156,0.0,0.0,0.39073558629023053,0.49283734753189884,0.49283734753189884,0.0,0.0,0.0,0.0,0.0,0.0,0.0,0.0,0.0,0.0,0.0,0.0,0.0,0.0,0.0
K014,past,4.313799412460485,1.486366024229671,0.007853981633974483,0.6342090169434396,0.0,0.0,0.039269908169872414,0.0,2.4720407192934686,0.0,0.43982297150257105,0.5556692006036947,0.528180264884784,0.3809181092477624,0.0,0.0,0.0,0.0,0.0,0.0,0.0,0.0,0.0,0.0,0.0,0.0,0.0,0.0,0.0
K015,past,0.0,0.0,0.0,0.0,0.0,0.0,0.0,0.0,0.0,0.0,0.968003236387355,0.0,0.0,0.06283185307179587,0.0,0.0,0.0,0.0,0.0,0.0,0.0,0.0,0.0,0.0,0.0,0.0,0.0,0.0,0.0
K016,past,0.0,0.20027653166634932,0.09817477042468103,0.42804199905160933,0.23758294442772812,0.07264933011426397,0.9974556675147592,0.0,2.607521902479528,0.0,0.0,0.053014376029327764,0.0746128255227576,0.0,0.9640762455703678,0.0,0.0,0.0,0.0,0.0,0.0,0.0,0.0,0.0,0.0,0.0,0.0,0.0,0.0
K017,past,0.0,9.64272595111217,0.553705705195201,0.0,0.0,0.5576326960121882,0.039269908169872414,0.0,2.837250865273282,0.0,0.0,0.007853981633974483,0.17671458676442586,0.0,0.0,0.0,0.0,0.0,0.0,0.0,0.0,0.0,0.0,0.0,0.0,0.0,0.0,0.0,0.0
K018,past,0.0,0.1413716694115407,0.007853981633974483,0.0,0.0,0.4535674393620264,0.14726215563702155,0.0,1.0917034471224532,0.039269908169872414,0.0,0.0,0.07068583470577035,0.11191923828413639,0.0,0.0,0.0,0.0,0.0,0.0,0.0,0.0,0.0,0.0,0.0,0.0,0.0,0.0,0.0
K019,past,0.0,0.0,3.5794521296838706,0.5006913291658733,0.0,0.15315264186250244,0.015707963267948967,0.0,0.007853981633974483,0.0,0.0,0.0,0.007853981633974483,0.02356194490192345,0.0,0.0,0.0,0.0,0.0,0.0,0.0,0.0,0.0,0.0,0.0,0.0,0.0,0.0,0.0
K020,past,0.0,0.031415926535897934,0.0,0.0,0.0,0.0,0.1413716694115407,0.0,3.7875826429841943,0.0,0.0,0.08639379797371932,0.10799224746714914,0.17278759594743864,0.0,0.0,0.0,0.0,0.0,0.0,0.0,0.0,0.0,0.0,0.0,0.0,0.0,0.0,0.0
K021,past,0.0,0.007853981633974483,0.19242255003237485,0.0,2.8431413514987627,0.2709623663721197,0.015707963267948967,0.0,0.0,0.0,0.0,0.0,0.007853981633974483,0.0,0.0,0.0,0.0,0.0,0.0,0.0,0.0,0.0,0.0,0.0,0.0,0.0,0.0,0.0,0.0
K022,past,0.0,0.0,5.92190215201676,2.713550654538184,0.37502762302228154,0.07853981633974483,0.07264933011426397,0.0,0.0,0.0,0.0,0.0,0.25918139392115797,0.0,0.056941366846315,0.0,0.0,0.0,0.0,0.0,0.0,0.0,0.0,0.0,0.0,0.0,0.0,0.0,0.0
K023,past,0.0,0.0,0.0,3.334015203622168,0.0,0.2650718801466388,0.0,0.0,0.0,0.0,0.0,0.0,0.0,0.0,0.0,0.0,0.0,0.0,0.0,0.0,0.0,0.0,0.0,0.0,0.0,0.0,0.0,0.0,0.0
K024,past,0.0,0.0,0.0,5.446736263161304,0.0,0.0,0.0,0.0,0.0,0.0,0.0,0.0,0.0,0.0,0.0,0.0,0.0,0.0,0.0,0.0,0.0,0.0,0.0,0.0,0.0,0.0,0.0,0.0,0.0
K025,past,0.0,0.3180862561759666,0.4614214209960009,5.364269456004572,0.04908738521234052,0.5674501730546564,0.12959069696057898,0.0,1.1996956945896022,0.0,0.0,0.015707963267948967,0.21991148575128555,0.007853981633974483,0.0,0.035342917352885174,0.0,0.0,0.0,0.0,0.0,0.0,0.0,0.0,0.0,0.0,0.0,0.0,0.0
K026,past,0.0,0.0,0.0,0.11977321991811087,0.2925608158655495,0.0,0.0,0.0,0.0,0.0,0.0,0.0,0.0,0.0,0.0,0.0,0.0,0.0,0.0,0.0,0.0,0.0,0.0,0.0,0.0,0.0,0.0,0.0,0.0
K027,past,1.6454091523176542,0.49872783375737967,0.0,0.2827433388230814,0.0,0.40251655874119224,3.0336004061226443,0.7853981633974483,0.0,1.0858129608969722,0.0,0.007853981633974483,0.015707963267948967,0.007853981633974483,0.0,1.2036226854065895,0.0,0.0,0.0,0.0,0.0,0.0,0.0,0.0,0.0,0.0,0.0,0.0,0.0
K028,past,0.07264933011426397,0.03337942194439156,0.0,5.527239574909542,0.0,0.14726215563702155,0.09621127501618743,0.0,0.44767695313654554,0.24543692606170261,0.0,0.007853981633974483,0.015707963267948967,0.07068583470577035,0.0,0.1511891464540088,0.0,0.0,0.0,0.0,0.0,0.0,0.0,0.0,0.0,0.0,0.0,0.0,0.0
K029,past,1.8240872344905736,0.0,0.0,0.0,0.0,0.0,0.12959069696057898,0.0,2.1932243712873745,0.0,0.23758294442772812,0.035342917352885174,0.6636614480708438,0.5517422097867075,0.0,0.11584622910112363,0.0,0.0,0.0,0.0,0.0,0.0,0.0,0.0,0.0,0.0,0.0,0.0,0.0
K030,past,0.24740042147019622,0.0,0.0,0.0,0.0,0.0,0.0,0.5929756133650734,0.5203262832508095,0.0,0.0,0.0,0.039269908169872414,0.7264933011426398,0.0,0.0,0.0,0.0,0.0,0.0,0.0,0.0,0.0,0.0,0.0,0.0,0.0,0.0,0.0
K031,past,0.0,0.3259402378099411,4.025165587411923,0.0,0.0,0.20224002707484295,0.5910121179565799,0.0,0.7677267047210058,0.18260507298990675,0.0,0.0,0.0942477796076938,0.0471238898038469,0.031415926535897934,0.0,0.0,0.0,0.0,0.0,0.0,0.0,0.0,0.0,0.0,0.0,0.0,0.0,0.0
K032,past,0.0,7.791149780902687,9.47386534598172,0.0,0.0,4.704534998750716,2.081305133003238,0.0,0.2827433388230814,0.3455751918948773,0.0,1.1938052083641215,0.6067200812245288,0.3279037332184347,0.7048948516492098,0.0,0.0,0.0,0.0,0.0,0.0,0.0,0.0,0.0,0.0,0.0,0.0,0.0,0.0
K033,past,0.0,7.447538084416303,7.441647598190823,0.0,0.0,0.5085453107998478,1.6081027395562755,0.0,0.017671458676442587,1.1172288874328702,0.0,2.2913991417120556,0.3220132469929538,0.017671458676442587,2.4347343065320897,0.0,0.0,0.0,0.0,0.0,0.0,0.0,0.0,0.0,0.0,0.0,0.0,0.0,0.0
K034,past,0.017671458676442587,9.255917355638928,13.116149328737386,0.0,0.0,2.2815816646695875,10.463467031862505,0.0,3.3732851117920406,0.17671458676442586,0.0,0.08835729338221293,1.2684180338868791,0.039269908169872414,0.7264933011426397,0.0,0.0,0.0,0.0,0.0,0.0,0.0,0.0,0.0,0.0,0.0,0.0,0.0,0.0
K035,past,0.0,10.002045610866505,15.804174542965153,0.0,0.0,1.015127126191202,5.163992924338222,0.0,1.3371403731841558,0.8050331174823846,0.0,2.261946710584651,1.0347620802761381,0.9130253649495337,0.5006913291658732,0.0,0.0,0.0,0.0,0.0,0.0,0.0,0.0,0.0,0.0,0.0,0.0,0.0,0.0
K036,past,0.0,6.298893270447535,9.069385291832035,0.0,0.0,10.345657307352887,5.044219704420112,0.0,2.0675606651437826,0.7755806863549802,0.0,2.735149104031614,1.4529866022852793,0.19634954084936207,1.2232576394915258,0.0,0.0,0.0,0.0,0.0,0.0,0.0,0.0,0.0,0.0,0.0,0.0,0.0,0.0
K037,past,0.0,5.21111681414207,0.0,0.0,0.0,3.4930583317101513,1.4785120425956966,0.0,0.0,5.550801519811466,0.0,0.3318307240354219,1.3273228961416876,0.1237002107350981,0.19242255003237485,0.039269908169872414,0.0,0.0,0.0,0.0,0.0,0.0,0.0,0.0,0.0,0.0,0.0,0.0,0.0
K038,past,0.0,1.5138549599485818,1.2193306486745386,0.0,0.04908738521234052,0.3102322745419921,6.37743308678728,0.0,2.3954643983622175,1.4097897032984197,0.0,0.6302820261264522,1.2193306486745386,0.7893251542144356,0.0,0.17278759594743864,0.0,0.0,0.0,0.0,0.0,0.0,0.0,0.0,0.0,0.0,0.0,0.0,0.0
K039,past,0.0,0.0,0.3337942194439155,0.6086835766330224,3.251548396465436,1.4667310701447347,0.0,0.0,0.0,0.0,0.0,0.015707963267948967,0.1884955592153876,0.0,0.0,0.04123340357836604,0.0,0.0,0.0,0.0,0.0,0.0,0.0,0.0,0.0,0.0,0.0,0.0,0.0
K040,past,0.0,0.0,0.0,0.0,2.199114857512855,0.20027653166634932,0.0,0.0,0.0,0.0,0.0,0.0,0.0,0.0,0.0,0.0,0.0,0.0,0.0,0.0,0.0,0.0,0.0,0.0,0.0,0.0,0.0,0.0,0.0
K041,past,0.0,0.0,0.0,11.737775551974865,3.318307240354219,0.015707963267948967,0.0,0.0,0.0,0.0,0.0,0.0,0.0,0.0,0.0,0.0,0.0,0.0,0.0,0.0,0.0,0.0,0.0,0.0,0.0,0.0,0.0,0.0,0.0
K042,past,0.007853981633974483,0.0,0.0,0.031415926535897934,0.08050331174823845,0.0,0.0,0.0,0.0,0.0,0.0,0.0,0.0,0.0,0.0,0.0,0.0,0.0,0.0,0.0,0.0,0.0,0.0,0.0,0.0,0.0,0.0,0.0,0.0
K043,past,0.0,0.0,0.0,0.0,0.0,0.0,0.0,0.0,0.0,0.0,0.0,0.0,0.0,0.0,0.0,0.0,0.0,0.0,0.0,0.0,0.0,0.0,0.0,0.0,0.0,0.0,0.0,0.0,0.0
K044,past,0.0,0.0,0.0,0.0,0.12762720155208535,0.0,0.0,0.0,0.0,0.0,0.0,0.0,0.0,0.0,0.0,0.0,0.0,0.0,0.0,0.0,0.0,0.0,0.0,0.0,0.0,0.0,0.0,0.0,0.0
K045,past,0.0,0.0,0.007853981633974483,0.0,0.04908738521234052,0.44767695313654554,0.0,0.0,0.0,0.0,0.0,0.0,0.0,0.0,0.0,0.0,0.0,0.0,0.0,0.0,0.0,0.0,0.0,0.0,0.0,0.0,0.0,0.0,0.0
K046,past,0.0,0.0,0.08050331174823845,0.0,0.0,0.8757189521881549,1.1918417129556278,0.0,0.0,0.031415926535897934,0.0,0.21991148575128555,0.04123340357836604,0.017671458676442587,0.0,0.0,0.0,0.0,0.0,0.0,0.0,0.0,0.0,0.0,0.0,0.0,0.0,0.0,0.0
K047,past,18.452929849023047,14.040955666137881,0.6047565858160352,0.0,0.0,8.647233779005905,4.2863104767415745,0.12566370614359174,2.045962215650353,0.48891035671491156,0.0,2.466150233067988,0.7834346679889547,2.122538536581604,1.9536779314511525,0.0,0.0,0.0,0.0,0.0,0.0,0.0,0.0,0.0,0.0,0.0,0.0,0.0,0.0
K048,past,4.792892292132929,7.098035901704439,1.1093749057988957,0.0,0.0,8.038550202372884,7.567311304334415,0.41429753119215396,1.3744467859455347,0.8580474935117123,0.0,2.464186737659494,1.258600556844411,0.812887099116359,1.1741702542791852,0.5792311455056182,0.0,0.0,0.0,0.0,0.0,0.0,0.0,0.0,0.0,0.0,0.0,0.0,0.0
K049,past,11.019136232466199,0.0,0.0,0.0,0.0,1.2193306486745383,2.3208515728394596,1.4569135931022665,7.6792305426185505,0.07264933011426397,0.0,1.9144080232812803,3.9898226700590373,3.4243359924128747,0.0,0.5910121179565798,0.0,0.0,0.0,0.0,0.0,0.0,0.0,0.0,0.0,0.0,0.0,0.0,0.0
K050,past,2.226603793231766,0.0,0.0,0.0,0.0,0.0,0.007853981633974483,25.083653843506006,0.007853981633974483,0.0,0.0,0.0,0.06675884388878311,0.2572178985126643,0.0,0.5478152189697202,0.0,0.0,0.0,0.0,0.0,0.0,0.0,0.0,0.0,0.0,0.0,0.0,0.0
K051,past,22.232658510373266,0.5105088062083414,0.0,0.0,0.0,0.3632466505713199,5.64504929941916,5.611669877474768,7.7165369553799295,0.0,0.0,5.6411223086021725,3.2868913138183213,4.133157834879071,0.0,0.07068583470577035,0.0,0.0,0.0,0.0,0.0,0.0,0.0,0.0,0.0,0.0,0.0,0.0,0.0
K052,past,0.0,0.0,0.0,0.0,0.0,0.0,0.0,1.5079644737231006,0.0,0.0,3.68744437715102,0.0,0.0,0.0,0.0,0.08835729338221293,0.0,0.0,0.0,0.0,0.0,0.0,0.0,0.0,0.0,0.0,0.0,0.0,0.0
K053,past,3.106249736236908,0.0,0.0,0.0,0.0,0.0,0.0,0.0,5.609706382066275,0.0,7.461282552275759,0.0,0.8344855486097889,0.0,0.0,0.16886060513045137,0.0,0.0,0.0,0.0,0.0,0.0,0.0,0.0,0.0,0.0,0.0,0.0,0.0
K054,past,0.0,0.0,0.0,0.0,6.444191930676063,0.16689710972195776,0.0,0.0,0.0,0.0,0.0,0.0,0.47516588885545624,0.0,0.0,0.0,0.0,0.0,0.0,0.0,0.0,0.0,0.0,0.0,0.0,0.0,0.0,0.0,0.0
K055,past,0.0,0.0,0.0,0.0,4.1979531833593615,0.19438604544086846,0.0,0.0,0.0,0.0,0.0,0.0,0.0,0.0,0.0,0.0,0.0,0.0,0.0,0.0,0.0,0.0,0.0,0.0,0.0,0.0,0.0,0.0,0.0
K056,past,0.0,0.0,0.0,0.0,7.577128781376882,0.0,0.0,0.0,0.0,0.0,0.0,0.0,0.0,0.0,0.0,0.0,0.0,0.0,0.0,0.0,0.0,0.0,0.0,0.0,0.0,0.0,0.0,0.0,0.0
K058,past,0.0,0.0,0.0,0.0,0.0,0.0,0.0,0.0,0.0,0.0,0.0,0.0,0.0,0.0,0.0,0.0,0.0,0.0,0.0,0.0,0.0,0.0,0.0,0.0,0.0,0.0,0.0,0.0,0.0
K059,past,0.0,0.0,0.0,0.0,0.0,0.21009400870881742,0.0,0.0,0.0,0.0,0.0,0.0,0.007853981633974483,0.0,0.0,0.0,0.0,0.0,0.0,0.0,0.0,0.0,0.0,0.0,0.0,0.0,0.0,0.0,0.0
K060,past,0.0,1.4038992170729387,6.082908775513237,0.0,0.0,6.795657608796422,0.8933904108645975,0.0,0.0,0.5654866776461628,0.0,0.9719302272043423,0.44571345772805193,0.007853981633974483,1.723948968657399,0.015707963267948967,0.0,0.0,0.0,0.0,0.0,0.0,0.0,0.0,0.0,0.0,0.0,0.0,0.0
K061,past,0.0,3.3261612219881935,2.020436775339936,0.19045905462388119,0.0,2.4268803248981152,1.3842642629880026,0.0,2.774419012201486,3.9584067435231396,0.0,1.0386890710931254,0.7107853378746907,0.03337942194439156,2.2442752519082085,0.2631083847381452,0.0,0.0,0.0,0.0,0.0,0.0,0.0,0.0,0.0,0.0,0.0,0.0,0.0
K062,past,0.0,25.130777733309852,8.900524686701583,0.0,0.0,3.3006357816777765,4.920519493685013,0.0,6.35583463729385,1.009236639965721,0.0,4.461061568097507,0.8659014751456868,0.2827433388230814,0.5026548245743669,0.0,0.0,0.0,0.0,0.0,0.0,0.0,0.0,0.0,0.0,0.0,0.0,0.0,0.0
K063,past,0.0,7.9148499916377855,8.865181769348698,0.0,0.0,4.141011816513046,6.353871141885357,0.0,0.0,0.48498336589792435,0.0,0.5753041546886309,0.8246680715673207,0.007853981633974483,3.0944687637859465,0.0,0.0,0.0,0.0,0.0,0.0,0.0,0.0,0.0,0.0,0.0,0.0,0.0,0.0
K064,past,0.0,11.975358496402594,18.933986224103986,0.0,0.0,4.551382356888213,0.6283185307179586,0.0,0.04908738521234052,0.7893251542144356,0.0,1.321432409916207,0.23954643983622173,0.007853981633974483,4.78307481509046,0.0,0.0,0.0,0.0,0.0,0.0,0.0,0.0,0.0,0.0,0.0,0.0,0.0,0.0
K065,past,0.0,5.177737392197678,4.298091449192536,0.0,0.0,7.924667468680253,5.419247327442394,0.0,0.6950773746067418,3.169081589308704,0.0,2.106830573313655,1.3862277583964964,0.0,0.41429753119215396,0.007853981633974483,0.0,0.0,0.0,0.0,0.0,0.0,0.0,0.0,0.0,0.0,0.0,0.0,0.0
K066,past,0.0,0.9954921721062657,0.49283734753189884,0.0,0.0,3.548036203147973,2.7528205627080564,0.0,1.0602875205865552,4.447317100238051,0.0,0.4594579255875073,0.3789546138392688,0.22187498115977916,0.0,0.11388273369263001,0.0,0.0,0.0,0.0,0.0,0.0,0.0,0.0,0.0,0.0,0.0,0.0,0.0
K067,past,0.0,8.54120502694725,3.0493083693905927,0.0,0.0,9.10472820918492,1.7219854732489055,0.0,3.8641589639154454,9.069385291832035,0.0,1.454950097693773,2.169662426385451,0.031415926535897934,0.0,0.0,0.0,0.0,0.0,0.0,0.0,0.0,0.0,0.0,0.0,0.0,0.0,0.0,0.0
K068,past,0.0,2.780309498426967,2.4052818754046856,0.0,0.0,6.143777133176539,4.69079053089126,0.0,1.360702318086079,5.976880023454582,0.0,0.39073558629023053,0.8069966128908782,0.0,0.0,0.017671458676442587,0.0,0.0,0.0,0.0,0.0,0.0,0.0,0.0,0.0,0.0,0.0,0.0,0.0
K069,past,0.0,0.0,8.268279165166637,0.0,0.9503317777109125,3.489131340893164,0.09621127501618741,0.0,0.0,0.20616701789183017,0.0,0.14922565104551516,0.0,0.0,0.07068583470577035,0.3043417883165112,0.0,0.0,0.0,0.0,0.0,0.0,0.0,0.0,0.0,0.0,0.0,0.0,0.0
K070,past,0.0,0.2964878066825367,10.522371894117313,0.0,0.0,8.69239417340126,1.0131636307827083,0.0,0.007853981633974483,0.357356164345839,0.0,0.6970408700152354,0.4790928796724435,0.0,0.056941366846315,0.0,0.0,0.0,0.0,0.0,0.0,0.0,0.0,0.0,0.0,0.0,0.0,0.0,0.0
K071,past,0.0,2.314961086613979,7.463246047684252,0.0,1.5491978773014667,4.078179963441251,3.257438882690917,0.0,0.0,0.8894634200476103,0.0,0.1394081740030471,0.5183627878423159,0.017671458676442587,0.0,0.017671458676442587,0.0,0.0,0.0,0.0,0.0,0.0,0.0,0.0,0.0,0.0,0.0,0.0,0.0
K072,past,0.0,0.0,0.02552544031041707,0.7716536955379929,5.262167694762904,0.17278759594743864,0.0,0.0,0.0,0.0471238898038469,0.0,0.0,0.0,0.0,0.0,0.0,0.0,0.0,0.0,0.0,0.0,0.0,0.0,0.0,0.0,0.0,0.0,0.0,0.0
K073,past,0.06675884388878311,0.007853981633974483,0.6950773746067418,21.804616511321658,5.218970795776044,1.2036226854065897,0.015707963267948967,0.0,0.0,0.19438604544086846,0.0,0.015707963267948967,0.007853981633974483,0.0,0.0667588438887831,0.05497787143782139,0.0,0.0,0.0,0.0,0.0,0.0,0.0,0.0,0.0,0.0,0.0,0.0,0.0
K074,past,0.0,0.0,0.0,5.786420968830701,1.6591536201771095,0.0,0.0,0.0,0.0,0.0,0.0,0.0,0.0,0.0,0.0,0.0,0.0,0.0,0.0,0.0,0.0,0.0,0.0,0.0,0.0,0.0,0.0,0.0,0.0
K075,past,0.0,0.0,0.08246680715673207,0.0,36.59366392809561,0.24936391687868986,0.0,0.0,0.0,0.0,0.0,0.0,0.0,0.0,0.0,0.8069966128908781,0.0,0.0,0.0,0.0,0.0,0.0,0.0,0.0,0.0,0.0,0.0,0.0,0.0
K076,past,0.0,0.0,0.1904590546238812,0.0,20.235783679935256,3.599087083768807,0.16493361431346415,0.0,0.0,0.2945243112740431,0.0,0.0,0.007853981633974483,0.0,0.0,0.06479534848028948,0.0,0.0,0.0,0.0,0.0,0.0,0.0,0.0,0.0,0.0,0.0,0.0,0.0
K077,past,0.0,0.0,0.0,0.0,12.375911559735291,0.0,0.0,0.0,0.0,0.0,0.0,0.0,0.0,0.0,0.0,0.0,0.0,0.0,0.0,0.0,0.0,0.0,0.0,0.0,0.0,0.0,0.0,0.0,0.0
K078,past,0.0,0.0,0.10602875205865553,0.35735616434583894,0.3436116964863836,0.031415926535897934,0.0,0.0,0.0,0.0,0.0,0.0,0.0,0.0,0.0,0.0,0.0,0.0,0.0,0.0,0.0,0.0,0.0,0.0,0.0,0.0,0.0,0.0,0.0
K079,past,0.0,0.0,0.0,0.0,0.0,0.0,0.0,0.0,0.0,0.0,0.0,0.0,0.0,0.0,0.0,0.0,0.0,0.0,0.0,0.0,0.0,0.0,0.0,0.0,0.0,0.0,0.0,0.0,0.0
K080,past,0.0,0.0,0.0,0.0,0.0,0.0,0.0,0.0,0.0,0.0,0.0,0.0,0.0,0.0,0.0,0.0,0.0,0.0,0.0,0.0,0.0,0.0,0.0,0.0,0.0,0.0,0.0,0.0,0.0
K081,past,12.809844045012381,0.26899887096362607,2.876520773443154,0.0,0.0,2.558434517267188,1.0465430527270998,0.40251655874119224,0.0,2.144136986075034,0.0,4.284346981333081,1.170243263462198,0.1040652566501619,8.268279165166637,0.2984513020910304,0.0,0.0,0.0,0.0,0.0,0.0,0.0,0.0,0.0,0.0,0.0,0.0,0.0
K082,past,4.089960935892212,3.255475387282423,4.8243082186688255,0.0,0.7853981633974483,1.6748615834450586,7.341509332357648,2.5662884989011623,1.8829920967453824,10.703013471698727,0.0,2.2933626371205493,2.862776305583699,0.5576326960121883,1.977239876353076,0.2984513020910303,0.0,0.0,0.0,0.0,0.0,0.0,0.0,0.0,0.0,0.0,0.0,0.0,0.0
K083,past,4.710425484976196,2.796017461694916,2.542726553999239,5.136503988619312,9.422814465360887,0.9267698328089891,1.5825772992458584,5.67253823513807,2.0106192982974678,0.07068583470577035,0.0,1.6434456569091607,0.5517422097867074,0.2454369260617026,0.10406525665016189,0.039269908169872414,0.0,0.0,0.0,0.0,0.0,0.0,0.0,0.0,0.0,0.0,0.0,0.0,0.0
K084,past,15.056082792329084,8.081747101359744,0.5615596868291756,0.9189158511750144,0.0,2.3071071049800045,2.273727683035613,10.076658436389263,8.770933989741003,0.17278759594743864,0.0,5.248423226903449,3.899501881268331,1.1564987956027426,0.0,0.017671458676442587,0.0,0.0,0.0,0.0,0.0,0.0,0.0,0.0,0.0,0.0,0.0,0.0,0.0
K085,past,2.0930861054541996,14.406165812117695,1.5158184553570753,0.0,0.0,1.8771016105199014,0.42018801741763484,8.505862109594366,4.343251843587889,0.16886060513045137,0.0,2.1657354355684637,0.6479534848028948,1.144717823151781,0.0,0.0,0.0,0.0,0.0,0.0,0.0,0.0,0.0,0.0,0.0,0.0,0.0,0.0,0.0
K086,past,6.69748283837174,0.08050331174823845,0.0,0.0,0.0,0.04908738521234052,3.8543414868729773,4.119413367019616,2.9432796173319375,0.43982297150257105,0.0,1.056360529769568,0.8678649705541804,1.4922565104551517,0.0,0.8973174016815847,0.0,0.0,0.0,0.0,0.0,0.0,0.0,0.0,0.0,0.0,0.0,0.0,0.0
K087,past,1.1152653920243765,0.0,0.0,0.0,0.09621127501618741,0.0,0.20224002707484295,15.863079405219962,1.7828538309122077,0.0,0.0,0.14726215563702155,0.2788163480060942,0.3200497515844602,0.0,0.0,0.0,0.0,0.0,0.0,0.0,0.0,0.0,0.0,0.0,0.0,0.0,0.0,0.0
K088,past,4.879286090106648,0.0,0.0,0.0,0.0,0.0,0.0,1.2389656027594746,0.2827433388230814,0.0,2.992367002544278,0.0,0.0,1.6532631339516288,0.0,2.083268628411732,0.0,0.0,0.0,0.0,0.0,0.0,0.0,0.0,0.0,0.0,0.0,0.0,0.0
K089,past,0.0,0.0,0.0,0.5222897786593031,10.033461537402403,0.06479534848028949,0.0,0.0,0.0,0.0,0.0,0.0,0.26899887096362607,0.0,0.0,0.0,0.0,0.0,0.0,0.0,0.0,0.0,0.0,0.0,0.0,0.0,0.0,0.0,0.0
K090,past,0.0,0.0,0.0,0.6067200812245288,2.9904035071357846,0.0,0.0,0.0,0.0,0.0,0.0,0.0,0.0,0.0,0.0,0.0,0.0,0.0,0.0,0.0,0.0,0.0,0.0,0.0,0.0,0.0,0.0,0.0,0.0
K091,past,0.0,5.835508354043041,11.967504514768619,0.0,4.266675522656638,1.1309733552923256,3.4753868730337087,0.0,0.0,0.10210176124166828,0.0,0.746128255227576,0.12762720155208535,0.007853981633974483,0.0,0.0,0.0,0.0,0.0,0.0,0.0,0.0,0.0,0.0,0.0,0.0,0.0,0.0,0.0
K092,past,0.0,0.0,0.0,0.5262167694762904,0.20616701789183017,0.017671458676442587,0.0,0.0,0.0,0.0,0.0,0.0,0.015707963267948967,0.0,0.08050331174823845,0.0,0.0,0.0,0.0,0.0,0.0,0.0,0.0,0.0,0.0,0.0,0.0,0.0,0.0
K093,past,0.0,0.15904312808798327,0.0,0.0,0.39662607251571136,0.17475109135593225,0.17475109135593225,0.0,0.0,1.8731746197029142,0.0,0.0,0.007853981633974483,0.007853981633974483,0.0,0.0,0.0,0.0,0.0,0.0,0.0,0.0,0.0,0.0,0.0,0.0,0.0,0.0,0.0
K094,past,0.0,9.58185759344887,1.3901547492134836,6.984153168011809,0.35539266893734534,0.039269908169872414,0.8855364292306229,0.0,8.460701715199011,0.0,0.0,0.9071348787240529,0.18653206380689397,0.6970408700152354,0.0,0.2552544031041707,0.0,0.0,0.0,0.0,0.0,0.0,0.0,0.0,0.0,0.0,0.0,0.0,0.0
K095,past,0.0,0.0,1.233075116533994,1.7632188768272714,3.4164820107789002,1.5491978773014667,0.47123889803846897,0.0,0.13744467859455345,0.056941366846315,0.0,0.0,0.3946625771072178,0.4908738521234052,0.0,0.170824100538945,0.0,0.0,0.0,0.0,0.0,0.0,0.0,0.0,0.0,0.0,0.0,0.0,0.0
K096,past,0.0,0.0,0.0,4.457134577280519,6.2949662796305486,3.7974001200266625,0.0,0.0,0.0,0.0,0.0,0.0,0.0,0.0,0.0,0.0,0.0,0.0,0.0,0.0,0.0,0.0,0.0,0.0,0.0,0.0,0.0,0.0,0.0
K097,past,0.0,0.0,0.0,4.325580384911446,6.933102287390975,0.0,0.0,0.0,0.0,0.0,0.0,0.0,0.0,0.0,0.0,0.0,0.0,0.0,0.0,0.0,0.0,0.0,0.0,0.0,0.0,0.0,0.0,0.0,0.0
K098,past,0.0,0.0,0.0,7.6203256803637425,0.9915651812892785,0.29648780668253677,0.0,0.0,0.0,0.0,0.0,0.0,0.0,0.0,0.0,0.0,0.0,0.0,0.0,0.0,0.0,0.0,0.0,0.0,0.0,0.0,0.0,0.0,0.0
K099,past,0.0,0.0,0.0,0.10799224746714914,0.007853981633974483,0.007853981633974483,0.0,0.0,0.0,0.0,0.0,0.0,0.0,0.0,0.0,0.0,0.0,0.0,0.0,0.0,0.0,0.0,0.0,0.0,0.0,0.0,0.0,0.0,0.0
K100,past,0.0,0.0,0.0,0.0,0.0,0.0,0.0,0.0,0.0,0.0,0.0,0.0,0.0,0.0,0.0,0.0,0.0,0.0,0.0,0.0,0.0,0.0,0.0,0.0,0.0,0.0,0.0,0.0,0.0
K101,past,0.0,0.0,0.0,0.0,0.22187498115977916,0.0,0.0,0.0,0.0,0.0,0.0,0.0,0.0,0.0,0.0,0.0,0.0,0.0,0.0,0.0,0.0,0.0,0.0,0.0,0.0,0.0,0.0,0.0,0.0
K102,past,0.007853981633974483,0.0,0.0,5.399612373357457,1.3940817400304708,0.0,0.0,0.0,0.0,0.0,0.0,0.0,0.0,0.0,0.0,0.0,0.0,0.0,0.0,0.0,0.0,0.0,0.0,0.0,0.0,0.0,0.0,0.0,0.0
K103,past,9.634871969478198,0.0,0.0,1.853539665617978,0.0,0.0,0.0,0.007853981633974483,0.0,0.0,0.0,0.0,0.0,0.0,0.0,0.0,0.0,0.0,0.0,0.0,0.0,0.0,0.0,0.0,0.0,0.0,0.0,0.0,0.0
K104,past,0.0,0.0,0.0,0.0,0.0,0.0,0.0,0.0,0.0,0.0,0.3298672286269283,0.0,0.0,0.24936391687868986,0.0,0.11191923828413639,0.0,0.0,0.0,0.0,0.0,0.0,0.0,0.0,0.0,0.0,0.0,0.0,0.0
K105,past,0.0,0.0,3.30259927708627,0.0,0.8914269154561039,0.017671458676442587,0.0,0.0,0.0,0.0,0.0,0.0,0.02356194490192345,0.0,0.0,0.0,0.0,0.0,0.0,0.0,0.0,0.0,0.0,0.0,0.0,0.0,0.0,0.0,0.0
K106,past,0.0,0.0,0.0,0.04319689898685966,8.191702844235387,0.0,0.0,0.0,0.0,0.0,0.0,0.0,0.0,0.0,0.0,0.0,0.0,0.0,0.0,0.0,0.0,0.0,0.0,0.0,0.0,0.0,0.0,0.0,0.0
K107,past,0.0,0.0,0.0,0.5478152189697202,0.12959069696057895,0.08246680715673207,0.035342917352885174,0.0,0.0,0.0,0.0,0.0,0.0,0.0,0.0,0.39269908169872414,0.0,0.0,0.0,0.0,0.0,0.0,0.0,0.0,0.0,0.0,0.0,0.0,0.0
K108,past,0.0,0.0,0.0,1.4156801895239006,0.0,0.15315264186250244,0.8757189521881549,0.0,0.0,0.0,0.0,0.0,0.07264933011426397,0.0,0.0,0.1786780821729195,0.0,0.0,0.0,0.0,0.0,0.0,0.0,0.0,0.0,0.0,0.0,0.0,0.0
K109,past,0.0,0.0,0.0,0.0,0.12566370614359174,0.170824100538945,0.0,0.0,0.0,0.0,0.0,0.0,0.06283185307179587,0.0,0.0,0.0,0.0,0.0,0.0,0.0,0.0,0.0,0.0,0.0,0.0,0.0,0.0,0.0,0.0
K110,past,0.0,0.0,0.0,4.618141200776996,0.19634954084936207,0.0,0.0,0.0,0.0,0.0,0.0,0.0,0.0,0.0,0.0,0.0,0.0,0.0,0.0,0.0,0.0,0.0,0.0,0.0,0.0,0.0,0.0,0.0,0.0
K111,past,0.0,0.0,0.007853981633974483,0.15904312808798327,0.0,0.017671458676442587,0.12566370614359174,0.0,0.16689710972195776,0.0,0.0,0.0,0.0,0.0,0.0,0.2572178985126643,0.0,0.0,0.0,0.0,0.0,0.0,0.0,0.0,0.0,0.0,0.0,0.0,0.0
K112,past,0.0,0.0,0.0,0.0,0.0,0.0,0.08835729338221293,0.0,0.1040652566501619,0.6185010536754906,0.0,0.007853981633974483,1.2959069696057897,0.0,0.0,0.6165375582669969,0.0,0.0,0.0,0.0,0.0,0.0,0.0,0.0,0.0,0.0,0.0,0.0,0.0
K113,past,0.0,0.0,0.0,0.0,0.0,0.007853981633974483,0.0,0.0,0.0,0.0,0.0,0.0,0.0,0.0,0.0,0.3259402378099411,0.0,0.0,0.0,0.0,0.0,0.0,0.0,0.0,0.0,0.0,0.0,0.0,0.0
K114,past,0.0,0.0,0.0,0.0,0.0,0.10602875205865553,0.007853981633974483,0.0,0.9169523557665209,0.0,0.0,0.0,0.2611448893296516,0.3357577148524092,0.0,0.035342917352885174,0.0,0.0,0.0,0.0,0.0,0.0,0.0,0.0,0.0,0.0,0.0,0.0,0.0
K115,past,0.0,0.0,0.007853981633974483,0.08050331174823845,0.0,0.0,0.2748893571891069,0.8011061266653973,0.0,0.0,0.0,0.12762720155208535,0.0,0.007853981633974483,0.0,0.0,0.0,0.0,0.0,0.0,0.0,0.0,0.0,0.0,0.0,0.0,0.0,0.0,0.0
K116,past,0.0,0.0,0.0,5.036365722786137,0.09621127501618741,0.0,0.0,0.0,0.0,0.0,0.0,0.0,0.0,0.0,0.0,0.0,0.0,0.0,0.0,0.0,0.0,0.0,0.0,0.0,0.0,0.0,0.0,0.0,0.0
K117,past,0.0,0.0,0.0,0.0,0.0,0.04908738521234052,0.015707963267948967,0.0,0.02356194490192345,0.0,0.0,0.0,0.0,0.0,0.0,0.0,0.0,0.0,0.0,0.0,0.0,0.0,0.0,0.0,0.0,0.0,0.0,0.0,0.0
K118,past,0.0,0.0,0.0,0.0,0.0,0.0,0.007853981633974483,2.5348725723652645,2.201078352921349,0.0,0.1688606051304514,0.15315264186250244,0.23169245820224726,1.0367255756846319,0.0,0.056941366846315,0.0,0.0,0.0,0.0,0.0,0.0,0.0,0.0,0.0,0.0,0.0,0.0,0.0
K119,past,3.4753868730337087,0.0,0.0,0.0,0.0,0.0,0.056941366846315004,2.134319509032566,0.56941366846315,0.0,0.12762720155208535,0.007853981633974483,0.20420352248333656,0.9915651812892785,0.0,0.9621127501618741,0.0,0.0,0.0,0.0,0.0,0.0,0.0,0.0,0.0,0.0,0.0,0.0,0.0
K120,past,2.7763825076099797,0.0,0.0,0.0,0.0,0.0,0.0,0.0,1.3292863915501814,0.0,0.19634954084936207,0.0,0.22187498115977916,2.055779692692821,0.0,0.17671458676442586,0.0,0.0,0.0,0.0,0.0,0.0,0.0,0.0,0.0,0.0,0.0,0.0,0.0
K121,past,0.0,0.0,0.0,0.0,0.0,0.0,0.0,0.0,0.0,0.0,0.007853981633974483,0.0,0.0,0.007853981633974483,0.0,1.372483290537041,0.0,0.0,0.0,0.0,0.0,0.0,0.0,0.0,0.0,0.0,0.0,0.0,0.0
K122,past,0.0,0.0,0.0,0.0,0.0,0.0,0.0,0.0,0.0,0.0,0.38484510006474965,0.0,0.0,0.3495021827118645,0.0,0.11388273369263,0.0,0.0,0.0,0.0,0.0,0.0,0.0,0.0,0.0,0.0,0.0,0.0,0.0
K123,past,0.0,0.0,0.0,0.0,0.0,0.0,0.0,0.0,0.031415926535897934,0.0,3.3929200658769765,0.0,0.0,1.1623892818282235,0.0,1.268418033886879,0.0,0.0,0.0,0.0,0.0,0.0,0.0,0.0,0.0,0.0,0.0,0.0,0.0
K124,past,0.0,0.0,0.0,0.0,0.0,0.0,0.0,0.0,0.0,0.0,0.0,0.0,0.0,0.0,0.0,0.02356194490192345,0.0,0.0,0.0,0.0,0.0,0.0,0.0,0.0,0.0,0.0,0.0,0.0,0.0
K125,past,10.304423903774522,0.0,0.0,0.0,0.0,0.0,0.0,0.0,0.0,0.0,2.5230915999143027,0.0,0.0,0.8364490440182825,0.0,0.2925608158655495,0.0,0.0,0.0,0.0,0.0,0.0,0.0,0.0,0.0,0.0,0.0,0.0,0.0
K126,past,0.0,0.0,0.0,0.0,0.0,0.0,0.0,0.0,0.0,0.0,0.2866703296400686,0.0,0.0,0.0,0.0,0.06479534848028949,0.0,0.0,0.0,0.0,0.0,0.0,0.0,0.0,0.0,0.0,0.0,0.0,0.0
K127,past,0.0,0.0,0.0,0.0,0.0,0.0,0.0,0.0,0.0,0.0,2.6683902601428304,0.0,0.0,0.0,0.0,0.49872783375737967,0.0,0.0,0.0,0.0,0.0,0.0,0.0,0.0,0.0,0.0,0.0,0.0,0.0
K128,past,0.0,0.0,0.0,0.0,0.0,0.0,0.0,0.0,0.0,0.0,2.605558407071035,0.0,0.0,0.0,0.0,3.0218194336716824,0.0,0.0,0.0,0.0,0.0,0.0,0.0,0.0,0.0,0.0,0.0,0.0,0.0
K129,past,0.0,0.0,0.0,0.0,0.0,0.0,0.0,0.0,0.0,0.0,0.15511613727099605,0.0,0.0,0.0,0.0,2.4347343065320897,0.0,0.0,0.0,0.0,0.0,0.0,0.0,0.0,0.0,0.0,0.0,0.0,0.0
K130,past,0.0,0.0,0.0,0.0,0.0,0.0,0.0,0.0,0.0,0.0,3.076797305109504,0.0,0.0,0.0,0.0,0.3377212102609028,0.0,0.0,0.0,0.0,0.0,0.0,0.0,0.0,0.0,0.0,0.0,0.0,0.0
K131,past,0.0,0.0,0.0,0.0,0.0,0.0,0.0,0.0,0.13744467859455345,0.0,9.149888603580273,0.0,0.0,1.1270463644753383,0.0,0.02552544031041707,0.0,0.0,0.0,0.0,0.0,0.0,0.0,0.0,0.0,0.0,0.0,0.0,0.0
K132,past,0.0,0.0,0.0,0.0,0.0,0.0,0.0,0.0,0.0,0.0,4.6475936319044004,0.0,0.0,0.0,0.0,0.19831303625785568,0.0,0.0,0.0,0.0,0.0,0.0,0.0,0.0,0.0,0.0,0.0,0.0,0.0
K133,past,0.0,0.0,0.0,0.0,0.0,0.0,0.0,0.0,0.0,0.0,0.0,0.0,0.0,0.0,0.0,0.0,0.0,0.0,0.0,0.0,0.0,0.0,0.0,0.0,0.0,0.0,0.0,0.0,0.0
K134,past,0.0,0.0,0.0,0.0,0.0,0.0,0.0,0.0,0.0,0.0,0.0,0.0,0.0,0.0,0.0,0.0,0.0,0.0,0.0,0.0,0.0,0.0,0.0,0.0,0.0,0.0,0.0,0.0,0.0
K135,past,0.0,0.04123340357836604,10.104147372108173,0.0,0.8659014751456867,22.731386344130648,4.046764036905352,0.0,0.007853981633974483,4.608323723734528,0.0,0.0,0.5556692006036947,0.015707963267948967,0.0,1.651299638543135,0.0,0.0,0.0,0.0,0.0,0.0,0.0,0.0,0.0,0.0,0.0,0.0,0.0
K136,past,0.0,2.0930861054541996,2.148063976892021,0.0,0.0,8.494081137143404,1.50207398749762,0.0,0.0,7.182466204269665,0.0,0.0,0.0,0.0,1.107411410390402,0.0,0.0,0.0,0.0,0.0,0.0,0.0,0.0,0.0,0.0,0.0,0.0,0.0,0.0
K137,past,0.0,22.480058931843462,2.6683902601428304,0.0,0.0,21.36675703522758,2.874557278034661,0.0,0.19634954084936207,5.432991795301849,0.0,1.574723317611884,0.46534841181298814,0.41429753119215396,0.0,0.0,0.0,0.0,0.0,0.0,0.0,0.0,0.0,0.0,0.0,0.0,0.0,0.0,0.0
K138,past,0.0,3.1710450847171976,10.514517912483338,0.0,0.0,4.292200962967055,1.268418033886879,0.0,2.316924582022472,4.702571503342222,0.0,2.3424500223328897,0.2650718801466388,0.4084070449666731,0.0,0.0,0.0,0.0,0.0,0.0,0.0,0.0,0.0,0.0,0.0,0.0,0.0,0.0,0.0
K139,past,0.0,7.637997139040185,6.022040417849935,0.0,0.0,6.03578488570939,8.124944000346602,0.0,0.015707963267948967,3.5696346526414025,0.0,3.0453813785736057,0.787361658805942,0.2709623663721197,0.0,0.0,0.0,0.0,0.0,0.0,0.0,0.0,0.0,0.0,0.0,0.0,0.0,0.0,0.0
K140,past,0.0,8.219191779954297,11.979285487219581,0.0,0.0,6.705336820005716,3.023782929080176,0.0,0.48891035671491156,4.074252972624263,0.0,0.49676433834888606,0.1413716694115407,0.20420352248333656,0.0,1.1388273369263,0.0,0.0,0.0,0.0,0.0,0.0,0.0,0.0,0.0,0.0,0.0,0.0,0.0
K141,past,0.0,7.820602212030091,6.1634120872614755,0.0,0.0,0.0,6.430447462816608,0.0,1.6944965375299947,1.189878217547134,0.0,2.6251933611559712,0.2984513020910303,0.2984513020910304,0.0,0.0,0.0,0.0,0.0,0.0,0.0,0.0,0.0,0.0,0.0,0.0,0.0,0.0,0.0
K142,past,0.0,10.846348636518762,14.822426838718343,0.0,0.0,3.017892442854695,5.711808143307943,0.0,4.392339228800229,1.5393804002589986,0.0,1.4569135931022665,0.3848451000647497,1.221294144083032,0.0,0.0,0.0,0.0,0.0,0.0,0.0,0.0,0.0,0.0,0.0,0.0,0.0,0.0,0.0
K143,past,0.0,33.01224830300325,1.2095131716320704,0.0,0.0,8.401796852944203,6.632687489891451,0.0,0.9522952731194061,0.6911503837897546,0.0,1.4961835012721392,1.8653206380689398,0.13548118318605984,0.0,0.0,0.0,0.0,0.0,0.0,0.0,0.0,0.0,0.0,0.0,0.0,0.0,0.0,0.0
K144,past,0.0,39.35433847243764,8.382161898859266,0.0,0.0,1.3273228961416876,2.0950496008626933,0.0,0.1904590546238812,0.6715154297048183,0.0,1.7435839227423353,0.5910121179565798,0.017671458676442587,0.0,0.0,0.0,0.0,0.0,0.0,0.0,0.0,0.0,0.0,0.0,0.0,0.0,0.0,0.0
K145,past,0.0,15.943582716968201,0.49872783375737967,0.0,0.0,0.45553093477052004,5.431028299893355,0.0,0.9719302272043423,3.1219576995048572,0.0,0.5458517235612266,0.2768528525976005,2.642864819832414,0.0,0.0,0.0,0.0,0.0,0.0,0.0,0.0,0.0,0.0,0.0,0.0,0.0,0.0,0.0
K146,past,0.0,0.39466257710721775,7.791149780902687,0.0,1.7671458676442586,8.175994880967437,0.1610066234964769,0.0,0.007853981633974483,1.692533042121501,0.0,0.5753041546886309,0.20420352248333656,0.02356194490192345,0.0,0.0,0.0,0.0,0.0,0.0,0.0,0.0,0.0,0.0,0.0,0.0,0.0,0.0,0.0
K147,past,0.0,0.0,0.0,0.0,5.030475236560656,0.015707963267948967,0.0,0.0,0.0,0.007853981633974483,0.0,0.0,0.0,0.0,0.0,0.0,0.0,0.0,0.0,0.0,0.0,0.0,0.0,0.0,0.0,0.0,0.0,0.0,0.0
K148,past,0.0,0.0,0.0,0.0,0.007853981633974483,0.0,0.0,0.0,0.0,0.0,0.0,0.0,0.0,0.0,0.0,0.0,0.0,0.0,0.0,0.0,0.0,0.0,0.0,0.0,0.0,0.0,0.0,0.0,0.0
K149,past,0.0,0.007853981633974483,0.007853981633974483,0.0,0.0,0.0,0.0,0.0,0.0,0.0,0.0,0.0,0.0,0.0,0.0,0.0471238898038469,0.0,0.0,0.0,0.0,0.0,0.0,0.0,0.0,0.0,0.0,0.0,0.0,0.0
K150,past,0.0,0.0,0.015707963267948967,0.0,5.796238445873168,0.20813051330032378,0.0,0.0,0.0,0.09621127501618741,0.0,0.0,0.017671458676442587,0.0,0.0,0.0,0.0,0.0,0.0,0.0,0.0,0.0,0.0,0.0,0.0,0.0,0.0,0.0,0.0
K151,past,0.0,0.0,0.13744467859455345,0.0,0.5674501730546564,1.5315264186250241,0.0,0.0,0.0,0.0,0.0,0.0,0.0,0.0,0.0,0.0,0.0,0.0,0.0,0.0,0.0,0.0,0.0,0.0,0.0,0.0,0.0,0.0,0.0
K152,past,0.0,0.0,0.0,0.0,0.0,0.9896016858807849,0.0,0.0,0.0,0.0,0.0,0.0,0.007853981633974483,0.0,0.0,0.0,0.0,0.0,0.0,0.0,0.0,0.0,0.0,0.0,0.0,0.0,0.0,0.0,0.0
K153,past,0.0,0.0,0.3023782929080176,0.0,0.0,0.09621127501618743,0.0,0.0,0.0,0.015707963267948967,0.0,0.0,0.0,0.0,0.0,0.0,0.0,0.0,0.0,0.0,0.0,0.0,0.0,0.0,0.0,0.0,0.0,0.0,0.0
K154,past,5.024584750335175,0.09228428419920018,0.0,0.0,0.0,0.017671458676442587,0.015707963267948967,0.0,2.583959957577605,0.0471238898038469,0.0,0.9169523557665209,1.6454091523176542,1.7907078125461822,0.0,0.0,0.0,0.0,0.0,0.0,0.0,0.0,0.0,0.0,0.0,0.0,0.0,0.0,0.0
K155,past,12.56440711895068,4.7280969436526386,0.2709623663721197,0.0,0.0,0.0,0.13351768777756623,0.0,0.9876381904722913,0.14726215563702155,0.0,0.6224280444924778,0.6086835766330224,0.6047565858160352,0.0,0.0,0.0,0.0,0.0,0.0,0.0,0.0,0.0,0.0,0.0,0.0,0.0,0.0,0.0
K156,past,4.225442119078272,6.298893270447535,0.056941366846315,0.0,0.0,0.0,0.1511891464540088,0.0,1.6886060513045138,0.0667588438887831,0.0,0.7657632093125122,0.08246680715673207,0.2905973204570559,0.0,0.0,0.0,0.0,0.0,0.0,0.0,0.0,0.0,0.0,0.0,0.0,0.0,0.0,0.0
K157,past,0.0,0.6400995031689204,8.635452806554945,0.0,0.0,0.007853981633974483,0.08835729338221293,0.0,0.0,0.0,0.0,0.007853981633974483,0.34164820107789,0.0,0.0,0.0,0.0,0.0,0.0,0.0,0.0,0.0,0.0,0.0,0.0,0.0,0.0,0.0,0.0
K158,past,0.0,7.960010386033138,9.079202768874502,0.6361725123519331,0.0,3.8445240098305096,0.11977321991811088,0.0,0.0746128255227576,0.0,0.0,0.2454369260617026,0.2945243112740431,0.1040652566501619,0.0,0.2827433388230814,0.0,0.0,0.0,0.0,0.0,0.0,0.0,0.0,0.0,0.0,0.0,0.0,0.0
K159,past,0.0,0.19438604544086846,4.302018440009523,1.0367255756846316,0.38484510006474965,0.056941366846315004,1.5217089415825562,0.0,0.5065818153913542,0.039269908169872414,0.0,0.0,0.04123340357836604,0.02356194490192345,0.0,0.12959069696057898,0.0,0.0,0.0,0.0,0.0,0.0,0.0,0.0,0.0,0.0,0.0,0.0,0.0
K160,past,0.0,1.4038992170729387,4.916592502868026,0.0,0.0,0.3475386873033709,0.7952156404399164,0.0,0.7382742735936014,0.12370021073509811,0.0,0.21598449493429828,1.0759954838545043,0.05497787143782139,0.0,0.0,0.0,0.0,0.0,0.0,0.0,0.0,0.0,0.0,0.0,0.0,0.0,0.0,0.0
K161,past,0.0,0.3141592653589793,1.3214324099162067,0.0,0.0,0.19634954084936207,2.3954643983622175,0.0,0.8443030256522569,0.06479534848028948,0.0,0.43000549446010294,0.12959069696057898,0.16493361431346415,0.0,0.79717913584841,0.0,0.0,0.0,0.0,0.0,0.0,0.0,0.0,0.0,0.0,0.0,0.0,0.0
K162,past,0.0,0.0,0.017671458676442587,13.385148199701012,3.7090428266444495,0.14726215563702155,0.07068583470577035,0.0,0.0,0.0,0.0,0.3121957699504857,0.0,0.015707963267948967,0.0,0.02552544031041707,0.0,0.0,0.0,0.0,0.0,0.0,0.0,0.0,0.0,0.0,0.0,0.0,0.0
K163,past,0.0,0.0,0.0,3.39488356128547,4.582798283424111,0.0,0.0,0.0,0.0,0.0,0.0,0.0,0.0,0.0,0.0,0.0,0.0,0.0,0.0,0.0,0.0,0.0,0.0,0.0,0.0,0.0,0.0,0.0,0.0
K164,past,0.11977321991811087,0.0,0.07853981633974483,3.4910948363016576,0.0,1.72983945488288,3.4007740475109514,0.0,1.0367255756846316,0.869828465962674,0.0,0.09817477042468103,0.9974556675147594,0.03337942194439156,0.0,0.5497787143782138,0.0,0.0,0.0,0.0,0.0,0.0,0.0,0.0,0.0,0.0,0.0,0.0,0.0
K165,past,0.0,0.0,0.5654866776461628,5.405502859582938,0.0,0.20027653166634932,0.22187498115977916,0.0,0.3671736413883071,0.0,0.0,0.05497787143782139,0.22383847656827277,0.9522952731194061,0.0,0.4614214209960009,0.0,0.0,0.0,0.0,0.0,0.0,0.0,0.0,0.0,0.0,0.0,0.0,0.0
K166,past,14.645712251953917,0.03337942194439156,0.0,0.7166758241001716,0.0,0.007853981633974483,0.04908738521234052,1.3017974558312706,0.09621127501618743,0.04908738521234052,0.0,0.1040652566501619,0.10995574287564278,0.12762720155208535,0.0,0.0,0.0,0.0,0.0,0.0,0.0,0.0,0.0,0.0,0.0,0.0,0.0,0.0,0.0
K167,past,33.64842081535518,0.0,0.007853981633974483,0.0,0.0,0.0,0.4417864669110647,2.501493150420873,0.21205750411731106,0.0,0.0,0.017671458676442587,0.09621127501618743,0.08050331174823845,0.0,0.07853981633974483,0.0,0.0,0.0,0.0,0.0,0.0,0.0,0.0,0.0,0.0,0.0,0.0,0.0
K168,past,14.290319583016572,0.0,0.0,0.0,0.0,0.0,8.160286917699487,0.68329640215578,5.1404309794362995,0.0,1.335176877775662,0.36324665057131983,2.3797564350942686,2.4327708111235964,0.0,0.0,0.0,0.0,0.0,0.0,0.0,0.0,0.0,0.0,0.0,0.0,0.0,0.0,0.0
K169,past,40.49512930477243,0.0,0.0,0.19634954084936207,0.0,0.0,1.9929478396210252,8.58440192593411,1.7534013997848032,0.0,0.0,0.04319689898685966,2.9805860300933165,1.8633571426604463,0.0,1.0347620802761381,0.0,0.0,0.0,0.0,0.0,0.0,0.0,0.0,0.0,0.0,0.0,0.0,0.0
K170,past,22.639102059931446,0.0,0.0,0.0,0.0,0.0,0.0,19.682077974740054,0.0,0.0,11.327405011599698,0.007853981633974483,0.13744467859455345,1.1231193736583511,0.0,1.3744467859455345,0.0,0.0,0.0,0.0,0.0,0.0,0.0,0.0,0.0,0.0,0.0,0.0,0.0
K171,past,13.59524220840983,0.0,0.0,0.0,0.0,0.0,3.7051158358274625,8.016951752879454,6.253732876052182,0.0,5.057964172279567,1.6375551706836797,0.0,5.480115685105695,0.0,0.14333516482003433,0.0,0.0,0.0,0.0,0.0,0.0,0.0,0.0,0.0,0.0,0.0,0.0,0.0
K172,past,16.93514789825748,0.0,0.0,0.0,0.0,0.3318307240354219,2.2855086554865744,1.1663162726452108,4.486587008407923,0.37502762302228154,1.8928095737878503,2.7940539662864223,1.8339047115330418,1.6081027395562755,0.0,0.7834346679889547,0.0,0.0,0.0,0.0,0.0,0.0,0.0,0.0,0.0,0.0,0.0,0.0,0.0
K173,past,40.05530633326986,0.0,0.0,1.9968748304380122,0.0,0.0,0.41429753119215396,12.801990063378408,0.039269908169872414,0.0,0.0,0.26899887096362607,1.0936669425309469,0.2788163480060942,0.0,0.0,0.0,0.0,0.0,0.0,0.0,0.0,0.0,0.0,0.0,0.0,0.0,0.0,0.0
K174,past,22.0991408225957,0.24347343065320898,0.007853981633974483,0.0,0.0,0.02356194490192345,0.3593196597543326,8.431249284071608,0.5576326960121883,0.05497787143782139,0.0,0.21009400870881745,1.360702318086079,0.812887099116359,0.0,0.24150993524471534,0.0,0.0,0.0,0.0,0.0,0.0,0.0,0.0,0.0,0.0,0.0,0.0,0.0
K175,past,4.494440990041898,0.0,0.0,1.119192382841364,0.0,0.0,0.0,5.731443097392879,0.0,0.0,0.7500552460445631,0.0,0.1610066234964769,0.17475109135593225,0.0,0.5890486225480862,0.0,0.0,0.0,0.0,0.0,0.0,0.0,0.0,0.0,0.0,0.0,0.0,0.0
K176,past,0.0,0.0,0.0,0.0,0.0,0.0,0.0,0.0,0.0,0.0,1.0917034471224532,0.0,0.771653695537993,0.47516588885545624,0.0,0.4417864669110647,0.0,0.0,0.0,0.0,0.0,0.0,0.0,0.0,0.0,0.0,0.0,0.0,0.0
K177,past,0.0,0.0,0.0,0.0,0.0,0.0,0.0,0.0,1.2566370614359172,0.0,2.091122610045706,0.0,0.05105088062083414,0.20027653166634932,0.0,0.2866703296400686,0.0,0.0,0.0,0.0,0.0,0.0,0.0,0.0,0.0,0.0,0.0,0.0,0.0
K178,past,0.8914269154561039,0.0,0.0,0.0,0.0,0.0,0.0,0.0,0.0,0.0,5.917975161199773,0.0,0.0,1.9026270508303185,0.0,0.5006913291658733,0.0,0.0,0.0,0.0,0.0,0.0,0.0,0.0,0.0,0.0,0.0,0.0,0.0
K179,past,2.546653544816226,0.0,0.0,0.0,0.0,0.0,0.0,0.0,0.0,0.0,8.252571201898688,0.0,0.0,0.0,0.0,0.0,0.0,0.0,0.0,0.0,0.0,0.0,0.0,0.0,0.0,0.0,0.0,0.0,0.0
K180,past,0.2905973204570559,0.0,0.0,0.0,0.0,0.0,0.0,0.0,0.0,0.0,12.715596265404688,0.0,0.0,0.0,0.0,0.0,0.0,0.0,0.0,0.0,0.0,0.0,0.0,0.0,0.0,0.0,0.0,0.0,0.0
K181,past,0.0,0.0,0.0,0.0,0.0,0.0,0.0,2.7940539662864223,0.0,0.0,21.649500374050664,0.0,0.0,0.0,0.0,1.2546735660274237,0.0,0.0,0.0,0.0,0.0,0.0,0.0,0.0,0.0,0.0,0.0,0.0,0.0
K182,past,1.0740319884460106,5.884595739255381,0.626355035309465,0.0,0.0,4.7280969436526386,4.722206457427157,0.0,5.0010228054332515,6.094689747964199,0.0,1.3489213456351175,0.1511891464540088,0.5772676500971246,0.0,0.6872233929727672,0.0,0.0,0.0,0.0,0.0,0.0,0.0,0.0,0.0,0.0,0.0,0.0,0.0
K183,past,0.0,0.0,0.0,0.007853981633974483,0.039269908169872414,0.0,0.0,0.0,0.0,0.0,0.0,0.0,0.0,0.0,0.0,0.0,0.0,0.0,0.0,0.0,0.0,0.0,0.0,0.0,0.0,0.0,0.0,0.0,0.0
K184,past,1.45887708851076,0.0,0.007853981633974483,0.0,44.72449841466769,0.2474004214701962,0.0,0.0,0.0,0.3868085954732433,0.0,0.0,0.10995574287564276,0.0,0.0,0.0,0.0,0.0,0.0,0.0,0.0,0.0,0.0,0.0,0.0,0.0,0.0,0.0,0.0
K185,past,0.007853981633974483,0.0,0.02552544031041707,0.0,23.20458873757761,0.3279037332184347,0.0,0.0,0.0,0.2886338250485623,0.0,0.0,0.0,0.0,0.0,0.0,0.0,0.0,0.0,0.0,0.0,0.0,0.0,0.0,0.0,0.0,0.0,0.0,0.0
K186,past,0.0,0.17475109135593223,0.0,1.8731746197029142,3.612831551628262,0.0,0.0,0.0,0.5203262832508095,0.1884955592153876,0.0,0.0,0.0,0.0,0.0,0.48694686130641796,0.0,0.0,0.0,0.0,0.0,0.0,0.0,0.0,0.0,0.0,0.0,0.0,0.0
K187,past,0.0,0.0,0.0,0.0,0.17671458676442586,0.0,0.0,0.0,0.0,0.0,0.0,0.0,0.0,0.0,23.16728232481623,0.0,0.0,0.0,0.0,0.0,0.0,0.0,0.0,0.0,0.0,0.0,0.0,0.0,0.0
K188,past,0.0,10.257300013970674,1.8555031610264716,0.0,0.0,5.107051557491907,5.800165436690156,0.0,3.015928947446201,9.827294519510572,0.0,4.311835917051991,1.3116149328737388,1.5668693359779093,1.9792033717615696,0.3043417883165112,0.0,0.0,0.0,0.0,0.0,0.0,0.0,0.0,0.0,0.0,0.0,0.0,0.0
K189,past,0.0,0.1806415775814131,0.37502762302228154,0.0,0.0,14.987360453031808,2.0066923074804803,0.0,0.0,12.489794293427922,0.0,0.14333516482003433,0.8109236037078654,0.6558074664368694,0.0,0.0,0.0,0.0,0.0,0.0,0.0,0.0,0.0,0.0,0.0,0.0,0.0,0.0,0.0
K190,past,0.0,5.8767417576214065,1.692533042121501,0.0,0.0,1.6395186660921732,1.989020848804038,0.0,0.09621127501618741,11.621929322873742,0.0,0.07068583470577035,3.9741147067910885,0.0,5.85121631731099,0.0,0.0,0.0,0.0,0.0,0.0,0.0,0.0,0.0,0.0,0.0,0.0,0.0,0.0
K191,past,0.0,4.333434366545421,5.886559234663875,0.0,0.0,5.097234080449439,6.397068040872217,0.0,3.675663404700058,9.057604319381072,0.0,0.0,0.0,0.02356194490192345,3.4616424051742536,0.0,0.0,0.0,0.0,0.0,0.0,0.0,0.0,0.0,0.0,0.0,0.0,0.0,0.0
K192,past,0.0,2.8529588285412313,0.09817477042468103,0.0,0.0,12.218831927055803,7.4141586624719125,0.0,0.7814711725804611,3.9584067435231396,0.0,0.8384125394267761,1.9850938579870507,0.9365873098514571,0.10406525665016189,0.0,0.0,0.0,0.0,0.0,0.0,0.0,0.0,0.0,0.0,0.0,0.0,0.0,0.0
K193,past,0.0,0.0,0.0,0.04908738521234052,0.7500552460445631,0.0,0.0,0.0,0.0,0.007853981633974483,0.0,0.0,0.0,0.0,0.0,0.0,0.0,0.0,0.0,0.0,0.0,0.0,0.0,0.0,0.0,0.0,0.0,0.0,0.0
K194,past,0.07068583470577035,0.0,0.0,57.8347572571796,0.15904312808798327,0.0,0.02552544031041707,0.0,0.056941366846315,0.0,0.04908738521234052,0.10995574287564276,3.392920065876977,0.5046183199828606,0.0,0.0,0.0,0.0,0.0,0.0,0.0,0.0,0.0,0.0,0.0,0.0,0.0,0.0,0.0
K195,past,29.666452126930118,0.0,0.07264933011426397,0.0,0.0,0.17475109135593225,0.015707963267948967,0.0,0.2709623663721197,0.2552544031041707,0.0,0.04908738521234052,0.0,0.0,0.0,0.3239767424014474,0.0,0.0,0.0,0.0,0.0,0.0,0.0,0.0,0.0,0.0,0.0,0.0,0.0
K196,past,6.548257187326225,0.0,0.0,4.920519493685013,0.0,0.0,0.0,12.159927064800993,1.2095131716320704,0.0,0.0,0.8423395302437633,1.0210176124166828,0.6243915399009714,0.0,0.0,0.0,0.0,0.0,0.0,0.0,0.0,0.0,0.0,0.0,0.0,0.0,0.0,0.0
K197,past,11.725994579523903,0.09621127501618743,0.04123340357836604,14.600551857558564,0.0,0.0,1.0465430527270998,13.067061943525045,2.238384765682728,0.0,0.0,3.3516866622986106,1.113301896615883,1.1584622910112363,0.0,0.0,0.0,0.0,0.0,0.0,0.0,0.0,0.0,0.0,0.0,0.0,0.0,0.0,0.0
K198,past,30.626601381683496,3.8700494501409266,0.0,22.334760271614936,0.0,0.0,2.8608128101752053,33.15951045864027,0.0,0.0,0.0,3.852377991464484,1.7259124640658927,0.7166758241001716,0.0,0.14726215563702155,0.0,0.0,0.0,0.0,0.0,0.0,0.0,0.0,0.0,0.0,0.0,0.0,0.0
K199,past,0.12566370614359174,12.462305357709011,1.8810286013368887,0.0,0.0,0.25132741228718347,5.132576997802325,0.0,0.12566370614359174,1.8496126748009907,0.0,2.646791810649401,3.418445506187394,2.780309498426967,0.0,0.0,0.0,0.0,0.0,0.0,0.0,0.0,0.0,0.0,0.0,0.0,0.0,0.0,0.0
K200,past,1.2291481257170065,0.0,0.0,0.0,0.0,0.0,0.0,0.0,0.0,0.0,9.46208437353076,0.0,0.0,0.0,0.0,0.0,0.0,0.0,0.0,0.0,0.0,0.0,0.0,0.0,0.0,0.0,0.0,0.0,0.0
K201,past,0.553705705195201,0.0,0.0,24.253095285713204,0.0,0.0,0.0,0.0,0.0,0.0,0.0,0.0,0.0,0.0,0.0,0.0,0.0,0.0,0.0,0.0,0.0,0.0,0.0,0.0,0.0,0.0,0.0,0.0,0.0
K202,past,1.910481032464293,0.0,0.0,0.11584622910112363,2.110757564130642,0.031415926535897934,0.0,0.0,0.0,0.0,0.0,0.0,0.0,0.0,0.0,0.0,0.0,0.0,0.0,0.0,0.0,0.0,0.0,0.0,0.0,0.0,0.0,0.0,0.0
K203,past,0.0,0.0,0.12762720155208535,0.0,6.389214059238242,0.7814711725804611,0.0,0.0,0.0,0.0,0.0,0.007853981633974483,0.0,0.0,0.0,0.0,0.0,0.0,0.0,0.0,0.0,0.0,0.0,0.0,0.0,0.0,0.0,0.0,0.0
K204,past,0.0,0.0,0.7186393195086652,4.366813788489813,0.0,0.5635231822376692,0.07068583470577035,0.0,0.007853981633974483,0.0,0.0,0.0,0.06283185307179587,0.039269908169872414,0.0,0.0,0.0,0.0,0.0,0.0,0.0,0.0,0.0,0.0,0.0,0.0,0.0,0.0,0.0
K205,past,0.0,0.8737554567796613,5.079562621772997,0.0,0.0,0.0,0.9248063374004953,0.0,0.19634954084936207,0.0,0.0,0.1040652566501619,0.398589567924205,0.04908738521234052,0.8560839981032187,0.0,0.0,0.0,0.0,0.0,0.0,0.0,0.0,0.0,0.0,0.0,0.0,0.0,0.0
K206,past,0.0,0.5006913291658733,4.8969575487830905,0.3318307240354219,0.5654866776461628,0.09817477042468103,0.6322455215349458,0.0,0.3200497515844602,0.007853981633974483,0.0,0.0,0.21205750411731106,0.015707963267948967,0.0,0.0,0.0,0.0,0.0,0.0,0.0,0.0,0.0,0.0,0.0,0.0,0.0,0.0,0.0
K207,past,0.0,0.007853981633974483,0.8914269154561039,0.031415926535897934,0.0,0.017671458676442587,0.1983130362578557,0.0,0.007853981633974483,0.0,0.0,0.007853981633974483,0.007853981633974483,0.007853981633974483,0.0,0.0,0.0,0.0,0.0,0.0,0.0,0.0,0.0,0.0,0.0,0.0,0.0,0.0,0.0
K208,past,0.0,0.1394081740030471,0.5949391087735671,0.0,0.0,0.3848451000647497,0.2375829444277281,0.0,0.031415926535897934,0.17475109135593225,0.0,0.02552544031041707,0.4044800541496859,0.0,0.0,0.8207410807503335,0.0,0.0,0.0,0.0,0.0,0.0,0.0,0.0,0.0,0.0,0.0,0.0,0.0
K209,past,0.0,0.0,0.0,4.5808347880156175,1.7121679962064373,0.0,0.0,0.0,0.0,0.0,0.0,0.0,0.0,0.0,0.0,0.0,0.0,0.0,0.0,0.0,0.0,0.0,0.0,0.0,0.0,0.0,0.0,0.0,0.0
K210,past,0.0,0.0,0.1786780821729195,2.7017696820872223,0.13744467859455345,0.07853981633974483,0.0,0.0,0.031415926535897934,0.0,0.0,0.0,0.015707963267948967,0.0,0.0,0.0,0.0,0.0,0.0,0.0,0.0,0.0,0.0,0.0,0.0,0.0,0.0,0.0,0.0
K211,past,0.0,0.0,0.2572178985126643,11.158544406469247,0.0,0.12959069696057898,0.0,0.0,0.0,0.0,0.0,0.015707963267948967,0.0,0.0,0.0,0.0,0.0,0.0,0.0,0.0,0.0,0.0,0.0,0.0,0.0,0.0,0.0,0.0,0.0
K212,past,0.3612831551628262,0.07264933011426397,0.5635231822376692,0.9464047868939252,0.0,1.1113384012073895,1.0367255756846319,0.3632466505713199,0.8030696220738909,0.0,0.0,0.0,0.11780972450961726,0.21402099952580467,0.0,0.015707963267948967,0.0,0.0,0.0,0.0,0.0,0.0,0.0,0.0,0.0,0.0,0.0,0.0,0.0
K213,past,0.0,0.10602875205865553,0.0,0.0,0.0,0.0,0.2984513020910303,0.0,0.017671458676442587,0.3121957699504857,0.0,0.015707963267948967,0.7186393195086652,0.0,0.0,0.3671736413883071,0.0,0.0,0.0,0.0,0.0,0.0,0.0,0.0,0.0,0.0,0.0,0.0,0.0
K214,past,0.0,0.46338491640449453,0.0,2.362084976417826,0.15904312808798327,1.584540794654352,1.2252211349000193,0.0,0.007853981633974483,0.12370021073509811,0.0,0.0,0.7500552460445632,0.2631083847381452,0.0,0.8796459430051421,0.0,0.0,0.0,0.0,0.0,0.0,0.0,0.0,0.0,0.0,0.0,0.0,0.0
K215,past,0.0,0.03337942194439156,0.08050331174823845,0.0,0.12566370614359174,0.17671458676442586,0.20224002707484295,0.0,0.24150993524471537,0.07853981633974483,0.0,0.0,0.08835729338221293,0.0,0.0,0.039269908169872414,0.0,0.0,0.0,0.0,0.0,0.0,0.0,0.0,0.0,0.0,0.0,0.0,0.0
K216,past,0.0,0.0,0.3966260725157114,0.42215151282612845,0.0,0.04123340357836604,0.45945792558750725,0.0,0.15707963267948966,0.0,0.0,0.13351768777756623,0.12566370614359174,0.007853981633974483,0.0,0.007853981633974483,0.0,0.0,0.0,0.0,0.0,0.0,0.0,0.0,0.0,0.0,0.0,0.0,0.0
K217,past,0.0,0.0,0.05497787143782139,0.0,0.8992808970900783,0.015707963267948967,0.0,0.0,0.6518804756198822,0.0,0.0,0.0,0.015707963267948967,0.0,0.0,1.1015209241649213,0.0,0.0,0.0,0.0,0.0,0.0,0.0,0.0,0.0,0.0,0.0,0.0,0.0
K218,past,0.0,0.007853981633974483,0.23561944901923448,3.68744437715102,0.0,1.5472343818929732,0.18456856839840036,0.0,0.2807798434145878,0.0,0.0,0.0,0.0471238898038469,0.300414797499524,0.0,0.6302820261264523,0.0,0.0,0.0,0.0,0.0,0.0,0.0,0.0,0.0,0.0,0.0,0.0,0.0
K219,past,0.0,0.0,0.0,6.102543729598173,0.2670353755551324,0.13744467859455345,0.015707963267948967,0.0,0.0,0.0,0.0,0.0,0.0,0.0,0.0,0.0,0.0,0.0,0.0,0.0,0.0,0.0,0.0,0.0,0.0,0.0,0.0,0.0,0.0
K220,past,0.0,0.0,0.0,0.19634954084936207,0.3180862561759666,0.0,0.0,0.0,0.0,0.0,0.0,0.0,0.0,0.0,0.0,0.0,0.0,0.0,0.0,0.0,0.0,0.0,0.0,0.0,0.0,0.0,0.0,0.0,0.0
K221,past,0.0,0.0,0.0,0.0,0.0,0.0,3.3281247173966872,0.0,1.8928095737878503,0.0,0.1433351648200343,0.0,0.1040652566501619,0.5163992924338223,0.0,2.1029035824966678,0.0,0.0,0.0,0.0,0.0,0.0,0.0,0.0,0.0,0.0,0.0,0.0,0.0
K222,past,0.0,0.0,0.0,0.0,0.0,0.09621127501618741,0.5910121179565799,0.0,0.41037054037516674,0.0,0.04908738521234052,0.0,0.06283185307179587,1.4392421344258242,0.0,2.951133598965912,0.0,0.0,0.0,0.0,0.0,0.0,0.0,0.0,0.0,0.0,0.0,0.0,0.0
K223,past,0.0,0.0,0.0,0.10210176124166828,0.0,0.2925608158655495,0.19831303625785568,0.0,0.0,0.0,0.0,0.031415926535897934,0.3632466505713199,0.79717913584841,0.0,0.015707963267948967,0.0,0.0,0.0,0.0,0.0,0.0,0.0,0.0,0.0,0.0,0.0,0.0,0.0
K224,past,0.0,0.0,0.0,0.0,0.0,0.0,0.1904590546238812,0.0,0.0,0.0,0.0,0.0,0.017671458676442587,0.0,0.0,0.0,0.0,0.0,0.0,0.0,0.0,0.0,0.0,0.0,0.0,0.0,0.0,0.0,0.0
K225,past,0.0,0.0,0.0,1.1682797680537043,0.0,0.0,0.14333516482003433,0.0,0.4614214209960009,0.0,0.0,0.0,0.04123340357836604,0.05497787143782139,0.0,0.1040652566501619,0.0,0.0,0.0,0.0,0.0,0.0,0.0,0.0,0.0,0.0,0.0,0.0,0.0
K226,past,0.0,0.031415926535897934,0.44374996231955827,5.091343594223958,0.21598449493429828,0.5811946409141118,0.3495021827118645,0.0,0.6185010536754906,0.0,0.0,0.0,0.031415926535897934,0.6695519342963248,0.0,0.7677267047210057,0.0,0.0,0.0,0.0,0.0,0.0,0.0,0.0,0.0,0.0,0.0,0.0,0.0
K227,past,0.0,0.0,0.0,0.0,0.0,0.0,0.43982297150257105,0.0,1.2821625017463345,0.0,0.007853981633974483,0.0,0.015707963267948967,0.04908738521234052,0.0,0.42804199905160933,0.0,0.0,0.0,0.0,0.0,0.0,0.0,0.0,0.0,0.0,0.0,0.0,0.0
K228,past,0.0,0.0,0.0,1.019054117008189,0.5654866776461628,0.0,0.0,0.0,0.0,0.0,0.0,0.0,0.0,0.0,0.0,1.771072858461246,0.0,0.0,0.0,0.0,0.0,0.0,0.0,0.0,0.0,0.0,0.0,0.0,0.0
K229,past,0.0,0.0,0.0,0.0,0.0,0.0,0.18456856839840036,0.0,1.5550883635269477,0.0,1.9418969590001909,0.0,0.015707963267948967,0.2984513020910304,0.0,0.3082687791334985,0.0,0.0,0.0,0.0,0.0,0.0,0.0,0.0,0.0,0.0,0.0,0.0,0.0
K230,past,0.0,0.0,0.0,0.0,0.0,0.0,0.0,0.0,0.3161227607674729,0.0,0.015707963267948967,0.0,0.05105088062083414,0.1590431280879833,0.0,0.12566370614359174,0.0,0.0,0.0,0.0,0.0,0.0,0.0,0.0,0.0,0.0,0.0,0.0,0.0
K231,past,10.080585427206248,0.0,0.0,0.0,0.0,0.0,0.7048948516492098,1.0661780068120361,1.2880529879718152,0.0,0.0,0.5183627878423159,0.7206028149171588,0.4908738521234052,0.0,0.38484510006474965,0.0,0.0,0.0,0.0,0.0,0.0,0.0,0.0,0.0,0.0,0.0,0.0,0.0
K232,past,7.9148499916377855,0.0,0.0,0.0,0.0,0.0,0.007853981633974483,0.0,0.12173671532660449,0.0,0.0,0.0,0.4987278337573797,0.21402099952580467,0.0,0.015707963267948967,0.0,0.0,0.0,0.0,0.0,0.0,0.0,0.0,0.0,0.0,0.0,0.0,0.0
K233,past,4.828235209485813,0.0,0.0,0.0,0.0,0.0,0.2827433388230814,0.031415926535897934,3.6167585424452495,0.0,1.3332133823671684,0.06283185307179587,0.6381360077604268,0.5085453107998478,0.0,0.14922565104551516,0.0,0.0,0.0,0.0,0.0,0.0,0.0,0.0,0.0,0.0,0.0,0.0,0.0
K234,past,1.6061392441477818,0.0,0.0,0.0,0.0,0.0,0.6518804756198822,0.0,0.7382742735936014,0.0667588438887831,0.0,0.0,0.15707963267948966,0.11191923828413639,0.0,0.45945792558750725,0.0,0.0,0.0,0.0,0.0,0.0,0.0,0.0,0.0,0.0,0.0,0.0,0.0
K235,past,0.6499169802113884,0.0,0.0,0.0,0.0,0.0,0.12173671532660449,0.0,0.48105637508093707,0.0,0.35539266893734534,0.08050331174823845,0.18653206380689397,0.21598449493429828,0.0,0.46927540262997536,0.0,0.0,0.0,0.0,0.0,0.0,0.0,0.0,0.0,0.0,0.0,0.0,0.0
K236,past,0.0,0.0,0.0,0.0,0.0,0.0,0.0,0.0,0.0,0.0,0.0,0.0,0.0,0.0,0.0,0.0,0.0,0.0,0.0,0.0,0.0,0.0,0.0,0.0,0.0,0.0,0.0,0.0,0.0
K237,past,0.0,0.0,0.0,0.0,0.0,0.0,0.0,0.0,0.44767695313654554,0.0,1.3587388226775856,0.0,0.3023782929080176,0.1688606051304514,0.0,0.48301987048943074,0.0,0.0,0.0,0.0,0.0,0.0,0.0,0.0,0.0,0.0,0.0,0.0,0.0
K238,past,0.0,0.0,0.0,0.0,0.0,0.0,0.0,0.0,0.0,0.0,5.558655501445441,0.0,0.0,0.0471238898038469,0.0,0.007853981633974483,0.0,0.0,0.0,0.0,0.0,0.0,0.0,0.0,0.0,0.0,0.0,0.0,0.0
K239,past,0.0,0.0,0.0,0.0,0.0,0.0,0.0,0.0,0.0,0.0,1.1820242359131596,0.0,0.0,0.0942477796076938,0.0,0.49872783375737967,0.0,0.0,0.0,0.0,0.0,0.0,0.0,0.0,0.0,0.0,0.0,0.0,0.0
K240,past,0.0,0.0,0.0,0.0,0.0,0.0,0.0,0.0,0.04908738521234052,0.0,1.6395186660921732,0.0,0.0,0.0,0.0,2.352267499375358,0.0,0.0,0.0,0.0,0.0,0.0,0.0,0.0,0.0,0.0,0.0,0.0,0.0
K241,past,0.24347343065320898,0.0,0.0,0.0,0.0,0.0,0.0,0.0,0.0,0.0,3.7070793312359562,0.0,0.0,0.3750276230222816,0.0,0.21598449493429828,0.0,0.0,0.0,0.0,0.0,0.0,0.0,0.0,0.0,0.0,0.0,0.0,0.0
K242,past,0.0,0.007853981633974483,0.0,0.8168140899333463,6.080945280104744,0.0,0.0,0.0,0.0,0.0,0.0,0.0,0.0,0.0,0.0,0.0,0.0,0.0,0.0,0.0,0.0,0.0,0.0,0.0,0.0,0.0,0.0,0.0,0.0
K243,past,0.0,0.0,0.0,2.2540927289506767,0.7206028149171588,0.0,0.0,0.0,0.0,0.0,0.0,0.0,0.0,0.0,0.0,0.0,0.0,0.0,0.0,0.0,0.0,0.0,0.0,0.0,0.0,0.0,0.0,0.0,0.0
400001,current,0.0,0.0,0.11189025000000001,0.0,0.0,0.026720999999999998,0.0,0.0,0.240490375,0.0,0.0,0.0,0.059531249999999994,0.0,0.0,0.014250625,1.22303875,0.0,0.0,0.0,0.0,0.0,0.435109125,0.0038025,0.0,0.0,0.009702249999999999,0.0,0.01
400003,current,0.0,0.0,0.0,0.0,0.0,0.0,0.0,0.0,0.0,0.0,0.0,0.0,0.0,0.0,0.0,0.0,0.0,0.0,0.0,0.0,0.0,0.0,0.0,0.0,0.0,0.0,0.0,0.0,0.0
400106,current,0.0,0.043399375000000004,0.0,0.0,0.0,0.0,0.16031275,0.0,1.27414275,0.0,0.0,0.0,0.046773125,0.0,0.0,0.0,0.0,0.0,0.0,0.0,0.0,0.0,0.0,0.04254374999999999,0.0,0.0,0.0,0.0,0.0
400107,current,0.0,0.0,0.0,0.0,0.0,0.0,0.0,0.0,1.792272625,0.0,0.0,0.0,0.299650625,0.0,0.0,0.016,0.0,0.0,0.0,0.0,0.0,0.0,0.0,0.0,0.0,0.0,0.0,0.0,0.0
400110,current,0.0,0.0,0.0,0.0,0.0,0.05633550000000001,0.0,0.0,0.0,0.0,0.0,0.0,0.004,0.0,0.0,0.0,0.636445,0.2283735,0.0,0.0,0.0,0.0,0.0,0.0,0.0,0.0,0.0,0.0,0.0
400127,current,0.0,0.0,0.0,0.0,0.0,0.0,0.0,0.0,0.0,0.0,0.0,0.0,0.0,0.0,0.0,0.028560999999999996,0.230584,0.1313175,0.0,0.0,0.0,0.0,0.0,0.027213124999999998,0.0,0.0,0.0,0.0,0.01764
400191,current,0.0,0.03137812500000001,0.029787875,0.0,0.0,0.08380225,0.0,0.0,0.0,0.0,0.0,0.0,0.0,0.0,0.0,0.0,0.0,0.0,0.08041825,0.0,0.0,0.0,0.0,0.033541875,0.12463437499999999,0.0,0.0,0.0,0.0
400242,current,0.0,0.0,0.01651225,0.0,0.0,0.01265625,0.061641999999999995,0.0,0.584988125,0.0,0.0,0.0,0.100502125,0.0,0.0,0.006890625,0.0,0.0,0.0,0.0,0.0,0.0567855,0.0,0.00361,0.0,0.0,0.0,0.0,0.0
400252,current,0.0,0.0,0.0,0.0,0.0,0.0,0.0,0.0,0.0,0.0,0.0,0.0,0.006375624999999999,0.0,0.0,0.0,1.17940125,0.0105625,0.044781375,0.0,0.0,0.0,0.0,0.0,0.0,0.0,0.0697425,0.6025735,0.0
410006,current,0.0,0.0,0.265538,0.0,0.0,0.0,0.0,0.0,0.0,0.0,0.0,0.0,0.0,0.0,0.0,0.0,0.6958855,0.762043,0.0,0.0,0.0,0.0,0.0,0.0,0.13060625,0.0,0.010100250000000002,0.0,0.0
410065,current,0.0,0.0,1.221101,0.0,0.0,0.48536175,0.252903,0.0,0.0,0.0,0.0,0.0,0.019713125,0.0,0.0,0.0,0.0,0.0,0.0,0.0,0.0,0.0,0.0,0.0,0.0,0.0,0.0,0.0,0.0
410103,current,0.0,0.0,0.0,0.0,0.0,0.067753125,0.0,0.0,0.0,0.0,0.0,0.0,0.0,0.0,0.0,0.0,0.10400625,0.0,0.01243225,0.0,0.0,0.017576,0.0,0.0,0.02205225,0.0,0.004305625000000001,0.0,0.0
410140,current,0.0,0.0,0.0,0.0,0.0,0.0,0.0,0.0,1.387294,0.0,0.0,0.0,0.0,0.0,0.0,0.0,0.0,0.015875999999999998,0.0,0.0,0.0,0.0,0.0,0.0,0.0,0.0,0.0,0.0,0.0087025
420190,current,0.0,0.0,0.93081125,0.0,0.0,0.0,0.0,0.0,0.0,0.0,0.0,0.0,0.013135624999999998,0.0,0.0,0.0,0.0,0.03348225,0.49643662499999996,0.0,0.0,0.0,0.032329625,0.014062499999999999,0.0,0.0,0.051002500000000006,0.0,0.0
420204,current,0.0,0.0057599999999999995,0.0,0.0,0.0,0.175318875,0.0,0.0,0.65515275,0.0,0.0,0.0,0.004515625,0.0,0.0,0.19186175,0.0,0.0,0.0,0.0,0.06590299999999999,0.0,0.0,0.10938125,0.0,0.25472475,0.06965625,0.0,0.08366975000000001
420209,current,0.0,0.096425625,0.60012725,0.0,0.0,0.5037665,0.059559,0.0,0.24487575,0.0,0.0,0.0,0.042176875,0.0,0.0,0.0,0.0,0.0,0.0,0.0,0.017292250000000002,0.0,0.0,0.154056625,0.0,0.02235025,0.0,0.0,0.0
420224,current,0.0,0.0,0.04992275,0.0,0.0,0.68223425,0.0,0.0,0.0,0.0,0.0,0.0,0.0,0.0,0.0,0.0,0.0,0.08378525,0.0,0.0,0.0,0.0,0.0,0.0,0.13543875,0.0,0.04165275,0.0,0.0
420240,current,0.0,0.0,0.0,0.0,0.0,0.099647,0.0,0.0,0.0,0.0,0.0,0.0,0.0,0.0,0.0,0.0,0.0,0.0,0.0,0.0,0.0710865,0.0,0.0,0.0,0.413431,0.0,0.55115575,0.0,0.0
430015,current,0.0,0.0,0.219894,0.0,0.0,0.4694655,0.0,0.0,0.10547075,0.0,0.0,0.0,0.015310625,0.0,0.0,0.0,0.0,0.118728875,0.009922499999999999,0.0,0.048987249999999996,0.04272587499999999,0.0,0.034104999999999996,0.0,0.0,0.0,0.0,0.0
430022,current,0.0,0.0,0.17218975,0.0,0.0,0.022829000000000002,0.0,0.0,0.0,0.0,0.0,0.0,0.0,0.0,0.0,0.0,0.70545225,1.135636375,0.0663435,0.0,0.0,0.0144,0.0,0.0,0.017424,0.0,0.0,0.0,0.0
430074,current,0.0,0.0,0.0,0.0,0.0,0.413794,0.0,0.0,0.0,0.0,0.0,0.0,0.0,0.0,0.0,0.0,0.0,0.0,0.170875375,0.0,0.0,0.15895750000000003,0.0,0.010200999999999998,0.07263025000000001,0.0,0.0,0.0,0.0
430116,current,0.0,0.0,0.0,0.0,0.0,0.0,0.0,0.0,0.0,0.0,0.0,0.0,0.0,0.0,0.0,0.0,0.0,0.0,0.95798025,0.0,0.0409385,0.009801,0.0,0.0,0.0,0.0,0.035639375,0.0,0.0
430128,current,0.0,0.0,0.0,0.0,0.0,0.0441,0.0,0.0,0.0,0.0,0.0,0.0,0.047496875,0.0,0.0,0.0,0.0,0.0,0.240229,0.0,0.015405625,0.0,0.0,0.0,0.322096,0.0,0.0472045,0.0,0.0
430169,current,0.0,0.0,0.0,0.0,0.0,0.00676,0.092307875,0.0,0.67486075,0.0,0.0,0.0,0.029082500000000004,0.0,0.0,0.028021249999999998,0.0,0.0,0.0,0.0,0.0,0.0,0.0,0.0,0.0,0.03706325,0.0,0.0,0.0
430220,current,0.0,0.0,0.083245625,0.0,0.0,0.035618500000000004,0.0,0.0,0.0,0.0,0.0,0.0,0.0,0.0,0.0,0.0,0.0,0.004730624999999999,0.012488125,0.0,0.011300625,0.21387312500000003,0.0,0.0,0.0,0.0,0.0037056250000000006,0.0,0.0
430277,current,0.0,0.03809375,0.0,0.0,0.0,0.0,0.352617375,0.0,0.011055625000000001,0.0,0.0,0.0,0.075458125,0.0,0.0,0.0,0.0,0.0,0.130124625,0.0,0.01625625,0.0,0.0,0.0,0.0,0.0,0.0,0.0,0.0
430304,current,0.0,0.015732500000000003,0.02030625,0.0,0.0,0.020293375000000002,0.35111725,0.11928925,0.155465625,0.0,0.0,0.0,0.0,0.0,0.0,0.244418875,0.0,0.0,0.108043125,0.0,0.05088125,0.0,0.0,0.02517125,0.0,0.0709445,0.033647250000000004,0.0,0.0
430309,current,0.0,0.0,0.957765875,0.0,0.0,0.014015625,0.0,0.0,0.0,0.0,0.0,0.0,0.0,0.0,0.0,0.0,0.08022275,0.0,0.0039006250000000004,0.0,0.0,0.0,0.0,0.0,0.0,0.0,0.0,0.0,0.06546337499999999
430336,current,0.0,0.0,0.0,0.0,0.0,0.017980625,0.090228875,0.0,0.0,0.0,0.0,0.0,0.0,0.0,0.0,0.0,1.14677775,0.0,0.0,0.0,0.040446499999999996,0.0,0.0,0.0,0.0,0.0,0.0,0.0,0.009120250000000002
430358,current,0.0,0.0,0.0,0.0,0.0,0.104639875,0.023104,0.0,0.0,0.0,0.0,0.0,0.124608375,0.0,0.0,0.0,0.165400125,0.0,0.05087025,0.0,0.0,0.0,0.0,0.07410325000000001,0.0,0.0,0.0,0.0,0.15005425
430366,current,0.0,0.0,0.0,0.0,0.0,0.0,0.0,0.0,0.0,0.0,0.0,0.0,0.0,0.0,0.0,0.016530875,0.0,0.0,0.0,0.0,0.0,0.0,0.0,0.0,0.0,0.053017249999999995,0.0,0.0,0.02155625
430373,current,0.0,0.0,0.0,0.0,0.0,0.0,0.0,0.0,0.0,0.0,0.0,0.0,0.0,0.0,0.0,0.0361,0.013924,0.3930635,0.0,0.1086945,0.036647874999999996,0.0,0.0,0.0,0.0,0.0,0.0,0.0,0.0
430374,current,0.0,0.0,0.0,0.0,0.0,0.0,0.0,0.0,0.0,0.0,0.0,0.0,0.0,0.0,0.0,0.016384000000000003,0.10939750000000001,1.324077,0.0,0.184196125,0.0,0.0,0.0,0.0,0.0,0.0,0.0,0.0,0.0
430383,current,0.0,0.0,0.0,0.0,0.0,0.0,0.094422,0.0,0.0087025,0.0,0.0,0.0,0.054055000000000006,0.0,0.0,0.0,0.0835775,0.0,0.0,0.0,0.068644,0.0,0.0,0.0,0.0,0.01703025,0.0,0.18784550000000003,0.027556000000000008
430389,current,0.0,0.0,0.0,0.0,0.0,0.32155175,0.072443375,0.0,0.054926249999999996,0.0,0.0,0.0,0.201605625,0.0,0.0,0.0,0.2509655,0.1672485,0.0,0.0,0.06671949999999999,0.0,0.0,0.08432225,0.0,0.0,0.0,0.0,0.016128999999999998
430406,current,0.0,0.0,0.0,0.0,0.0,0.0,0.115508,0.0,0.0,0.0,0.0,0.0,0.0918525,0.0,0.0,0.0,0.08216549999999999,0.0,0.0,0.0,0.01243225,0.0,0.0,0.029086624999999998,0.0,0.0,0.0,0.013770249999999998,0.019881
440001,current,0.0,0.0,0.0,0.0,0.0,0.0,0.01,0.0,0.0,0.0,0.0,0.0,0.0,0.0,0.0,0.0,0.267452875,0.16537675,0.0,0.0,0.0,0.012996,0.0,0.0,0.0,0.0,0.0,0.059948,0.008372250000000001
440008,current,0.0,0.0,0.0,0.0,0.0,0.0,0.0,0.0,0.0,0.0,0.0,0.0,0.0,0.0,0.0,0.101871,1.08331725,0.0,0.0,0.0,0.0,0.0,0.0,0.0,0.0,0.0,0.0,0.03258987499999999,0.11302375
440029,current,0.0,0.0,0.0,0.0,0.0,0.0,0.0,0.0,0.14612725,0.0,0.0,0.0,0.01444375,0.0,0.0,0.101548875,0.311933125,0.0,0.0,0.0,0.0,0.0,0.0,0.0,0.0,0.008372250000000001,0.0,0.0112225,0.049291249999999995
440042,current,0.0,0.0,0.0,0.0,0.0,0.0,0.0,0.0,0.0,0.0,0.0,0.0,0.0,0.0,0.0,0.017486,0.0,0.0,0.0,0.10560800000000001,0.0,0.0,0.0,0.0,0.0,0.0,0.0,0.0,0.0
440076,current,0.0,0.023020625,0.083892875,0.0,0.0,0.02553025,0.0,0.207430375,0.0,0.0,0.0,0.0,0.021228125,0.0,0.0,0.136455625,0.0,0.0,0.14329475,0.0,0.0144,0.0,0.0,0.0,0.0,0.0,0.033646875,0.0,0.03673125
440077,current,0.0,0.0,0.0,0.0,0.0,0.0,0.0,0.0,0.0,0.0,0.0,0.0,0.0,0.0,0.0,0.0,0.8444476249999999,0.0,0.011470625000000002,0.0,0.0,0.0,0.0,0.0,0.0,0.0,0.0,0.0,0.0291485
440080,current,0.0,0.0,0.0,0.0,0.0,0.0,0.0,0.0,0.0,0.0,0.0,0.0,0.0,0.0,0.0,0.009150624999999999,0.0,0.0,0.0,0.7337385,0.0,0.0,0.0,0.0,0.0,0.18798575,0.0,0.0,0.0
440086,current,0.0,0.0,0.0,0.0,0.0,0.0,0.0,0.0,0.0,0.0,0.0,0.0,0.0,0.0,0.0,0.0,0.701605,0.0,0.0,0.0,0.0,0.0,0.0,0.0,0.0,0.0,0.0,0.0,0.0
440099,current,0.0,0.0,0.0,0.0,0.0,0.0,0.0,0.0,0.0,0.0,0.0,0.0,0.0,0.0,0.0,0.027635625,0.0,0.0,0.0,0.0,0.0,0.0,0.0,0.0,0.0,0.0,0.0,0.0,0.0
440100,current,0.0,0.0,0.0,0.0,0.0,0.0,0.0,0.0,0.0,0.0,0.0,0.0,0.0,0.0,0.0,0.0,0.0,0.0,0.0,1.101458375,0.0,0.0,0.0,0.0,0.0,0.0,0.0,0.0,0.0
440140,current,0.0,0.0,0.0,0.0,0.0,0.0,0.0,0.0,0.0,0.0,0.0,0.0,0.0,0.0,0.0,0.0,2.6378918749999998,0.0,0.0,0.0,0.0,0.0,0.0,0.0,0.0,0.0,0.0,0.0,0.0
440147,current,0.0,0.0,0.0,0.0,0.0,0.07111524999999999,0.0,0.0,0.0,0.0,0.0,0.0,0.0241525,0.0,0.0,0.017553125000000003,0.0,0.0,0.0,0.0,0.0,0.08184625,0.0,0.08623875,0.0,0.0,0.0,0.29598425,0.033581
440155,current,0.0,0.0,0.0,0.0,0.0,0.0,0.0,0.0,0.0,0.0,0.0,0.0,0.0,0.0,0.0,0.0,0.62519725,0.0,0.0,0.0,0.1902895,0.0,0.0,0.0,0.0,0.0,0.0,0.089393125,0.20365450000000002
440160,current,0.0,0.0,0.0,0.0,0.0,0.0,0.0,0.0,0.0,0.0,0.0,0.0,0.0,0.0,0.0,0.01946025,0.0,0.0,0.0,0.0,0.041903125,0.756993375,0.0,0.0,0.0,0.0,0.0,0.0,0.0
440161,current,0.0,0.0,0.0,0.0,0.0,0.0,0.0,0.0,0.0,0.0,0.0,0.0,0.0,0.0,0.0,0.0,0.05466275,0.0698705,0.0,0.0,0.0,0.0,0.0,0.0,0.0,0.0,0.0,0.0,0.0
440167,current,0.0,0.0,0.0,0.0,0.0,0.0,0.0,0.0,0.0,0.0,0.0,0.0,0.0,0.0,0.0,0.039819999999999994,0.0,0.0,0.0,0.036010249999999994,0.0,0.0,0.0,0.0,0.0,0.0,0.0,0.0,0.01726625
440168,current,0.0,0.0,0.0,0.0,0.0,0.0,0.0,0.0,0.0,0.0,0.0,0.0,0.0,0.0,0.0,0.0,0.0,0.0,0.0,0.0,0.0,0.0,0.0,0.0,0.0,0.0,0.0,0.0,0.011881000000000001
440198,current,0.0,0.0,0.0,0.0,0.0,0.0,0.01857875,0.453003,0.0,0.0,0.0,0.0,0.0,0.0,0.0,0.0,0.0,0.18481175,0.0,0.244492,0.0,0.0,0.0,0.0,0.0,0.023115625,0.0,0.0,0.0
440223,current,0.0,0.0,0.0,0.0,0.0,0.01625625,0.0,0.0,0.0,0.0,0.0,0.0,0.0,0.0,0.0,0.277480375,0.56591375,0.0,0.039050375,0.0,0.02821825,0.09558275,0.0,0.044025375,0.0,0.0,0.0,0.0,0.065905
440255,current,0.0,0.0,0.0,0.0,0.0,0.35584024999999997,0.0,0.0,0.0,0.0,0.0,0.0,0.127485625,0.0,0.0,0.0,0.0,0.0,0.0,0.0,0.03705625,0.0,0.0,0.0,0.0,0.0,0.052994,0.0,0.025760250000000002
440273,current,0.0,0.0,0.1279945,0.0,0.0,0.0037056250000000006,0.0468335,0.0,0.0,0.0,0.0,0.0,0.0,0.0,0.0,0.0,0.0,0.0,0.712298,0.0,0.0,0.297729375,0.0,0.0,0.0,0.0,0.20658875000000002,0.0,0.0
440328,current,0.0,0.0,0.54999425,0.0,0.0,0.0,0.0,0.0,0.011390625,0.0,0.0,0.0,0.0,0.0,0.0,0.0,0.0,0.0,0.114585625,0.0,0.0,0.0,0.0,0.0,0.0,0.0,0.008190250000000001,0.0,0.007425625
440337,current,0.0,0.0,0.0,0.0,0.0,0.0,0.0,0.0,0.0,0.0,0.0,0.0,0.0,0.0,0.0,0.0,0.191725875,0.4466035,0.0,0.0,0.0,0.0,0.0,0.0,0.0,0.0,0.0,0.0,0.0
440348,current,0.0,0.0,0.0,0.0,0.0,0.07149625,0.0,0.0,0.0,0.0,0.0,0.0,0.0,0.0,0.0,0.206063375,0.0512885,0.0,0.08579587500000001,0.0,0.292495625,0.166825,0.0,0.0,0.0,0.0,0.096230125,0.0,0.012320999999999999
440353,current,0.0,0.0,0.011342250000000002,0.0,0.0,0.0,0.0,0.0,0.0,0.0,0.0,0.0,0.0,0.0,0.0,0.0,1.3854835,0.11704375,0.0,0.0,0.0,0.0,0.0,0.0,0.10065425,0.0,0.0,0.0,0.0
440375,current,0.0,0.0,0.0,0.0,0.0,0.0,0.0,0.0,0.0,0.0,0.0,0.0,0.0,0.0,0.0,0.0,0.0,0.0,0.0065025,0.0,0.14290025,0.13879675,0.0,0.0039006250000000004,0.0,0.0,0.09184437499999999,0.0,0.072026375
440378,current,0.0,0.0,0.0,0.0,0.0,0.00855625,0.0,0.0,0.0,0.0,0.0,0.0,0.0,0.0,0.0,0.0,3.8393435,0.0,0.0,0.0,0.0,0.0,0.0,0.0,0.0,0.0,0.0,0.0,0.0
440379,current,0.0,0.02377,0.14192675,0.0,0.0,0.026218500000000006,0.0,0.0,0.0,0.0,0.0,0.0,0.0,0.0,0.0,0.094766625,0.0,0.0,0.743442625,0.0,0.017424,0.10497375,0.0,0.0,0.0,0.0,0.011055625000000001,0.0,0.0
440386,current,0.0,0.0,0.08364475,0.0,0.0,0.3671965,0.0,0.0,0.0,0.0,0.0,0.0,0.181513125,0.0,0.0,0.0,0.0,0.0,0.25835075,0.0,0.0,0.0,0.0,0.0669435,0.09101325,0.0,0.035080875,0.0,0.04997325
440388,current,0.0,0.0,0.08052487500000001,0.0,0.0,0.056398250000000004,0.0,0.0,0.0,0.0,0.0,0.0,0.0038025,0.0,0.0,0.0,0.0,0.0,0.180711625,0.0,0.35685900000000004,0.031560875,0.0,0.010725624999999999,0.009025,0.0,0.017606875,0.0,0.018606249999999998
450017,current,0.0,0.0,0.0,0.0,0.0,0.223211125,0.23687562499999998,0.0,0.88669575,0.0,0.0,0.0,0.214422,0.0,0.0,0.0190825,0.0,0.0,0.0,0.04687224999999999,0.07850525,0.0,0.0,0.085974125,0.0,0.0,0.0,0.0,0.0
450018,current,0.0,0.0,0.009900249999999998,0.0,0.0,0.0,0.048576625,0.08208224999999998,0.224185375,0.0,0.0,0.0,0.297637625,0.0,0.0,0.03222025,0.0,0.0,0.0,0.0,0.0,0.0,0.0,0.009765625,0.0,0.0,0.0,0.0,0.0
450025,current,0.0,0.0,0.04738149999999999,0.0,0.0,0.11289600000000001,0.09409925,0.0,0.0,0.0,0.0,0.0,0.024966500000000003,0.0,0.0,0.010889999999999999,0.0,0.0,0.0,0.0,0.0,0.0,0.0,0.058685625,0.0,0.0,0.0,0.0,0.12476875000000001
450060,current,0.0,0.0,0.0,0.0,0.0,0.0,0.022365625,0.454980125,0.0,0.0,0.0,0.0,0.0,0.0,0.0,0.0,0.0,0.0,0.0,0.016641,0.0,0.0,0.0,0.0,0.0,0.22451987499999998,0.0,0.0,0.0
450061,current,0.0,0.0,0.0,0.0,0.0,0.0,0.0,0.0,0.0,0.0,0.0,0.0,0.0,0.0,0.0,0.0,0.0,0.0,0.0,0.0,0.0,0.0,0.0,0.0,0.0,0.0,0.0,0.0,0.0
450097,current,0.0,0.49184475,0.30826325,0.0,0.0,0.06824475,0.015325624999999999,0.17339125,0.45068949999999997,0.0,0.0,0.0,0.017430624999999998,0.0,0.0,0.0,0.0,0.0,0.0,0.0,0.049692875,0.0,0.273586125,0.030405625000000002,0.0,0.0,0.0,0.0,0.0
450099,current,0.0,0.02862875,0.50015825,0.0,0.0,0.0,0.0598875,0.0,0.0,0.0,0.0,0.0,0.0,0.0,0.0,0.0,0.0,0.02686225,0.0,0.0,0.0,0.0,0.0,0.0,0.0,0.0,0.0,0.0,0.0
450100,current,0.0,0.0,0.36847087500000003,0.0,0.0,0.0,0.127167125,0.0,0.0,0.0,0.0,0.0,0.0101125,0.0,0.0,0.029070250000000006,0.0,0.0,0.19484,0.0,0.050285250000000004,0.0,0.0,0.0,0.0,0.0,0.0,0.13549575,0.068856375
450122,current,0.0,0.256618125,0.06464025000000001,0.0,0.0,0.0,0.004100625,0.0,0.0,0.0,0.0,0.0,0.0,0.0,0.0,0.0,0.301896875,0.0,0.0,0.0,0.0,0.0,0.05822475,0.0,0.0,0.0,0.0,0.0,0.0
450128,current,0.0,0.0,0.07066875,0.0,0.0,0.056678625,0.0,0.0,0.0,0.0,0.0,0.0,0.0,0.0,0.0,0.0,0.0,0.0,0.087088125,0.0,0.0,0.0,0.009312250000000001,0.0,0.0,0.02874875,0.0,0.0,0.041611125
450181,current,0.0,0.0,0.0,0.0,0.0,0.0,0.0,0.0,0.0,0.0,0.0,0.0,0.0,0.0,0.0,0.0,0.9354275,0.037743125,0.04797725,0.0,0.0,0.0,0.0,0.0,0.0,0.0,0.0,0.0,0.0
450193,current,0.0,0.058003125,0.12304725000000002,0.0,0.0,0.0,0.5733415000000001,0.0,0.0,0.0,0.0,0.0,0.020200625000000003,0.0,0.0,0.11505499999999999,0.0,0.0,0.053522749999999994,0.0,0.04515625,0.0,0.0,0.04105425,0.15015625,0.0,0.0,0.0,0.0
450215,current,0.0,0.0,0.0,0.0,0.0,0.0,0.0,0.0,0.0,0.0,0.0,0.0,0.0,0.0,0.0,0.37127112500000004,0.0,0.0,0.0,0.25330525,0.0,0.0,0.0,0.0,0.0,0.055187499999999994,0.0,0.0,0.0
450232,current,0.0,0.06715312500000001,1.469446625,0.0,0.0,0.292106625,0.108995625,0.0,0.140639625,0.0,0.0,0.0,0.007155624999999999,0.0,0.0,0.0,0.0,0.0,0.029275875,0.0,0.09929149999999999,0.03534400000000001,0.058312125,0.06257225,0.0,0.0,0.0,0.0,0.0
450281,current,0.0,0.0087025,0.15981375,0.0,0.0,0.085215875,0.00625,0.0,0.043851999999999995,0.0,0.0,0.0,0.014400625,0.0,0.0,0.0,1.205420875,0.0,0.011496250000000001,0.0,0.0,0.0,0.09677225,0.0,0.0,0.0,0.008850625,0.0,0.0
450283,current,0.0,0.0,0.471893375,0.0,0.0,0.04268875,0.01836025,0.0,0.0,0.0,0.0,0.0,0.012738125,0.0,0.0,0.0,0.0,0.0,0.185127125,0.0,0.17529087499999998,0.0,0.055440375,0.0,0.0,0.0,0.0,0.0,0.0
450284,current,0.0,0.0,0.1194385,0.0,0.0,0.012633125000000002,0.08081875,0.0,0.0,0.0,0.0,0.0,0.004100625,0.0,0.0,0.0,0.0,0.0,0.14402537499999998,0.0,0.23788437499999998,0.0,0.005880625,0.0048400000000000006,0.0,0.0,0.0,0.0,0.03790475
450299,current,0.0,0.0,0.0,0.0,0.0,0.0,0.0,0.261575125,0.0,0.0,0.0,0.0,0.0,0.0,0.0,0.12859475,0.0,0.0,0.0,0.07473025,0.0,0.0,0.0,0.0,0.0,0.10215174999999999,0.0,0.01177225,0.0719825
450300,current,0.0,0.0,0.0,0.0,0.0,0.54687475,0.0,0.0,0.0,0.0,0.0,0.0,0.046369375,0.0,0.0,0.0,0.03980025,0.0,0.0,0.0,0.10013575000000001,0.0,0.0,0.0,0.027390250000000005,0.0,0.0,0.0,0.0
450324,current,0.0,0.0,0.0,0.0,0.0,0.0704115,0.06781475000000001,0.018225,0.0,0.0,0.0,0.0,0.0,0.0,0.0,0.0,0.0,0.0,0.0,0.0,0.0,0.0,0.0,0.00361,0.0,0.0,0.0,0.0,0.0
450337,current,0.0,0.0,0.0,0.0,0.0,0.0,0.0,0.011055625000000001,0.005640625,0.0,0.0,0.0,0.0,0.0,0.0,0.0,1.290701875,0.0,0.0,0.0,0.0,0.0,0.0,0.0,0.0,0.0,0.0,0.0,0.0
450356,current,0.0,0.0,0.0,0.0,0.0,0.018768999999999997,0.16377524999999998,0.0,0.14366924999999997,0.0,0.0,0.0,0.11531187500000001,0.0,0.0,0.10414537500000001,0.0,0.0,0.0,0.0,0.085484875,0.0,0.0,0.004,0.0,0.3281715,0.0,0.0,0.0
450387,current,0.0,0.0,0.0,0.0,0.0,0.014762250000000001,0.003515625,0.10622999999999999,0.06339725,0.0,0.0,0.0,0.0,0.0,0.0,0.0,0.0,0.0,0.0,0.0,0.1214415,0.0,0.0,0.004950625,0.0,0.235941625,0.0,0.0,0.0
450400,current,0.0,0.0,0.0,0.0,0.0,0.0,0.0,0.0,0.0,0.0,0.0,0.0,0.02885625,0.0,0.0,0.23769162500000002,0.0,0.0,0.0,0.0,0.0,0.0,0.0,0.0,0.0,0.0,0.0,0.115634,0.0
450401,current,0.0,0.0,0.0,0.0,0.0,0.0,0.0,0.022544375,0.0,0.0,0.0,0.0,0.0,0.0,0.0,0.0,0.0,0.0,0.0,0.08050225,0.0,0.0,0.0,0.0,0.0,0.0,0.0,0.0,0.0
450439,current,0.0,0.063493125,1.335994875,0.0,0.0,0.00841,0.0,0.0,0.0,0.0,0.0,0.0,0.0,0.0,0.0,0.0,0.0,0.0,0.0,0.0,0.0,0.0,0.0,0.0,0.0,0.0,0.0,0.0,0.0
450487,current,0.0,0.041456875000000004,0.1253755,0.0,0.0,0.0,0.05738525,0.0,0.12756625,0.0,0.0,0.0,0.013078125,0.0,0.0,0.0,0.0,0.0,0.161354,0.0,0.00961,0.0,0.0,0.04239475,0.0,0.0,0.0,0.0,0.0
460109,current,0.0,0.0,1.123204625,0.0,0.0,0.047982250000000004,0.007980625000000002,0.0,0.0,0.0,0.0,0.0,0.0,0.0,0.0,0.0,0.02512225,0.0,0.028214999999999997,0.0,0.008280999999999998,0.0,0.0,0.0,0.0,0.0,0.0,0.0,0.0
460162,current,0.0,0.0,0.0,0.0,0.0,0.0,0.0,0.0,0.0,0.0,0.0,0.0,0.0,0.0,0.0,0.0,0.19649725,1.320479875,0.0050625,0.0,0.0,0.0,0.0,0.0,0.0,0.0,0.0,0.0,0.0
460202,current,0.0,0.008545625000000001,0.72918575,0.0,0.0,0.0,0.0,0.0,0.0,0.0,0.0,0.0,0.009175625,0.0,0.0,0.0,0.0,0.501823625,0.022201000000000002,0.0,0.07079625,0.0,0.0,0.0,0.0,0.0,0.02567225,0.0,0.0
460231,current,0.0,0.0,0.738385875,0.0,0.0,0.0,0.0,0.0,0.0,0.0,0.0,0.0,0.0,0.0,0.0,0.0,0.05978025,0.435334125,0.168757875,0.0,0.0,0.008122500000000001,0.0,0.0,0.004730624999999999,0.0,0.0,0.0,0.0
460247,current,0.0,0.0,0.944476,0.0,0.0,0.08928312499999999,0.0,0.0,0.0,0.0,0.0,0.0,0.019555625,0.0,0.0,0.0,0.0,0.0,0.141729875,0.0,0.0,0.0,0.0,0.0,0.0,0.0,0.0,0.0,0.00950625
460263,current,0.0,0.004,0.02324475,0.0,0.0,0.0,0.025125625000000002,0.0,0.009455625,0.0,0.0,0.0,0.0037056250000000006,0.0,0.0,0.0,0.0,0.0,0.0,0.0,0.0,0.0,0.0,0.0,0.0,0.0,0.0,0.0,0.0
460286,current,0.0,0.009891249999999999,0.09560312500000001,0.0,0.0,0.17436175,0.038644625,0.0,0.0,0.0,0.0,0.0,0.0,0.0,0.0,0.0,1.73746475,0.02531425,0.0,0.0,0.0,0.0,0.0,0.027482500000000003,0.0,0.0,0.0,0.0,0.0
460353,current,0.0,0.0,0.0,0.0,0.0,0.63661,0.0,0.0,0.0,0.0,0.0,0.0,0.0,0.0,0.0,0.0,0.0,0.0,0.0,0.0,0.0,0.0,0.0,0.14257687500000002,0.0,0.0,0.0,0.0,0.0
460354,current,0.0,0.0,0.0,0.0,0.0,0.2245835,0.27172275,0.0,0.0,0.0,0.0,0.0,0.005175625,0.0,0.0,0.0,0.13046600000000003,0.0,0.134573375,0.0,0.0,0.0,0.894041,0.036889000000000005,0.025776625000000004,0.0,0.0,0.0,0.0
460368,current,0.0,0.08853,0.99021375,0.0,0.0,0.070058125,0.028945625000000003,0.01681,0.118593,0.0,0.0,0.0,0.0,0.0,0.0,0.0,0.0,0.0,0.0,0.0,0.065649875,0.0,0.0,0.011730624999999998,0.0,0.0,0.06621337499999999,0.0,0.0
460373,current,0.0,0.0,0.0,0.0,0.0,0.031924375,0.0,0.0,0.0,0.0,0.0,0.0,0.0,0.0,0.0,0.0,2.29534275,0.0,0.0,0.0,0.0,0.0,0.0,0.035797499999999996,0.0,0.0,0.0,0.0,0.0
460402,current,0.0,0.26877,0.0,0.0,0.0,0.0,0.532162625,0.0,0.56110575,0.0,0.0,0.0,0.037690625000000005,0.0,0.0,0.10192625000000001,0.0,0.0,0.0,0.0,0.0,0.0,0.0,0.0,0.0,0.0,0.0,0.0,0.0
460413,current,0.0,0.0,0.0,0.0,0.0,0.0,0.0,0.0,0.0,0.0,0.0,0.0,0.00841625,0.0,0.0,0.0,0.0,0.0,0.00915625,0.0,0.0,0.0,0.0,0.0,0.0,0.0,0.0,0.0,0.0
460429,current,0.0,0.07451962499999999,0.02356225,0.0,0.0,0.0,0.0,0.0,0.286166,0.0,0.0,0.0,0.047898125,0.0,0.0,0.0,0.0,0.0,0.0,0.0,0.0,0.0,0.029190624999999998,0.011881000000000001,0.0,0.0,0.0,0.0,0.0
460458,current,0.0,0.19313575,0.443996125,0.0,0.0,0.12196675,0.034548875,0.0,0.411156125,0.0,0.0,0.0,0.06886525,0.0,0.0,0.0,0.0,0.0,0.0,0.0,0.0,0.0,0.094171,0.07900449999999999,0.0,0.0,0.0,0.0,0.0
460459,current,0.0,0.279795375,0.21528524999999998,0.0,0.0,0.2799565,0.06940725,0.0,0.16050325,0.0,0.0,0.0,0.040644625000000004,0.0,0.0,0.0,0.0,0.0,0.0384165,0.0,0.0,0.0,0.01380625,0.138588,0.0,0.0,0.0,0.0,0.0
460511,current,0.0,0.0048400000000000006,0.0,0.0,0.0,0.0340925,0.0,0.0,0.067919375,0.0,0.0,0.0,0.017763124999999998,0.0,0.0,0.0,0.0,0.0,0.0,0.0,0.0,0.0,0.0442,0.053833125,0.0,0.0,0.0,0.0,0.0
460532,current,0.0,0.0,0.11357350000000001,0.0,0.0,0.16327,0.07899125,0.0,0.0,0.0,0.0,0.0,0.0,0.0,0.0,0.0,0.0,0.0,0.013433124999999999,0.0,0.032383125,0.0,0.092845625,0.019063125,0.0075625,0.0,0.0,0.0,0.0
460534,current,0.0,0.0,1.020891,0.0,0.0,0.320921,0.011390625,0.0,0.030178125,0.0,0.0,0.0,0.0,0.0,0.0,0.0,0.0,0.0,0.0,0.0,0.0,0.0,0.0,0.009312250000000001,0.0,0.0,0.0,0.0,0.0
