ID,group,Tsuga sieboldii,Abies firma,Castanopsis sieboldii,Pinus densiflora,Fagus crenata,Quercus salicina,Distylium racemosum,Cleyera japonica,Illicium anisatum,Cryptomeria japonica,Symplocos prunifolia,Quercus glauca,Daphniphyllum teijsmannii,Betula grossa,Quercus acuta,Chamaecyparis obtusa,Stewartia monadelpha,Camellia japonica,Pinus thunbergii,Quercus phillyraeoides,Abies homolepis,Morella rubra,Quercus crispula var. crispula,Quercus serrata,Carpinus tschonoskii,Clethra barbinervis,Cerasus jamasakura,Acer pictum,Carpinus laxiflora,Litsea coreana
S001,past,0.0,0.0,3.8464875052390033,0.0,0.0,0.23365595361074087,0.0,0.017671458676442587,0.0,0.0,0.0,0.8482300164692442,0.0,0.0,0.0,0.0,0.0,0.039269908169872414,0.0,0.0,0.0,0.0,0.0,0.0,0.0,0.0,0.0,0.0,0.0,0.0
S002,past,3.583379120500858,0.9071348787240527,0.0,0.0,0.0,0.02552544031041707,0.0,0.05105088062083414,0.04319689898685966,0.0,0.0,0.0,0.0,0.43196898986859655,0.0,1.2036226854065895,0.23561944901923448,0.03337942194439156,0.0,0.0,0.0,0.0,0.0,0.0,0.0,0.0,0.0,0.0,0.0,0.0
S003,past,8.16617740392497,0.40055306333269863,0.0,0.5674501730546564,0.0,1.346957850226624,0.0,0.4810563750809371,0.300414797499524,0.0,0.0,0.0,0.0,0.11388273369263001,0.0,2.6801712325937923,0.0,0.20616701789183017,0.0,0.0,0.0,0.0,0.0,0.0,0.0,0.0,0.0,0.0,0.0,0.0
S004,past,0.28667032964006867,2.0439987202418592,0.0,0.0,0.0,1.097593933347934,0.0,0.1413716694115407,0.06479534848028949,0.0,0.0,0.11191923828413639,0.0,0.09621127501618743,0.0,0.0,0.07068583470577035,0.20616701789183017,0.0,0.0,0.0,0.0,0.0,0.0,0.0,0.0,0.0,0.0,0.0,0.0
S005,past,6.131996160725578,2.238384765682728,0.0,0.0,0.0,0.724529805734146,0.0,0.05497787143782139,0.3828816046562561,0.0,0.0,0.0,0.0,0.6322455215349458,0.0,1.8731746197029142,0.02552544031041707,0.07264933011426397,0.0,0.0,0.0,0.0,0.0,0.0,0.0,0.0,0.0,0.0,0.0,0.0
S006,past,3.754203221039803,4.98335134675681,0.0,0.0,0.0,0.300414797499524,0.0,0.1610066234964769,0.9542587685278997,0.0,0.0,0.0,0.0,0.056941366846315,0.0,0.04908738521234052,0.07068583470577035,1.8751381151114077,0.0,0.0,0.0,0.0,0.0,0.0,0.0,0.0,0.0,0.0,0.0,0.0
S007,past,1.84372218857551,6.848671984825749,0.0,0.0,0.0,0.24936391687868986,0.0,0.45749443017901364,0.16689710972195776,0.0,0.007853981633974483,0.1983130362578557,0.0,0.300414797499524,0.0,0.04908738521234052,0.0,0.11191923828413639,0.0,0.0,0.0,0.0,0.0,0.0,0.0,0.0,0.0,0.0,0.0,0.0
S008,past,5.085453107998478,3.012001956629214,0.0,0.0,0.0,0.05105088062083414,0.0,0.1315541923690726,0.3396847056693964,0.0,0.0,0.0,0.0,0.4928373475318988,0.0,0.0,0.04908738521234052,0.22187498115977916,0.0,0.0,0.0,0.0,0.0,0.0,0.0,0.0,0.0,0.0,0.0,0.0
S009,past,9.915651812892785,4.612250714551515,0.0,0.0,0.0,0.26899887096362607,0.0,0.20616701789183017,0.771653695537993,0.0,0.0,0.0,0.0,0.6577709618453629,1.6355916752751862,0.3043417883165112,0.1511891464540088,0.09032078879070655,0.0,0.0,0.0,0.0,0.0,0.0,0.0,0.0,0.0,0.0,0.0,0.0
S010,past,2.1814433988364126,19.458239498171782,0.0,0.0,0.0,0.12370021073509811,0.0,0.09621127501618743,0.3809181092477624,0.0,0.0,0.0,0.0,0.0,0.0,0.08050331174823845,0.0,0.21205750411731106,0.0,0.0,0.0,0.0,0.0,0.0,0.0,0.0,0.0,0.0,0.0,0.0
S011,past,6.257659866869169,2.175552912610932,0.0,0.0,1.356775327269092,0.0,0.0,0.0,0.2670353755551324,0.0,0.0,0.0,0.0,0.38484510006474965,0.0,0.16493361431346415,0.16886060513045137,0.09228428419920018,0.0,0.0,0.0,0.0,0.0,0.0,0.0,0.0,0.0,0.0,0.0,0.0
S012,past,1.1545353001942489,0.7559457322700439,0.0,0.0,4.388412237983243,0.0,0.0,0.0,1.1839877313216534,0.0,0.0,0.0,0.0,0.0,0.0,0.0,0.3200497515844602,0.0,0.0,0.0,0.0,0.0,0.0,0.0,0.0,0.0,0.0,0.0,0.0,0.0
S013,past,6.895795874629596,0.4044800541496859,0.0,0.0,0.12762720155208535,0.0,0.0,0.0,0.12566370614359174,0.0,0.0,0.0,0.0,1.6650441064025905,0.0,0.0,0.2925608158655495,0.0,0.0,0.0,0.0,0.0,0.0,0.0,0.0,0.0,0.0,0.0,0.0,0.0
S014,past,2.581996462169111,5.034402227377644,0.0,0.0,3.00414797499524,0.017671458676442587,0.0,0.0,1.072068493037517,0.0,0.0,0.0,0.0,0.015707963267948967,0.07853981633974483,0.13744467859455345,0.5242532740677968,0.0,0.0,0.0,0.0,0.0,0.0,0.0,0.0,0.0,0.0,0.0,0.0,0.0
S015,past,0.0,3.282964323001334,0.0,0.0,0.2748893571891069,0.0,0.0,0.0,0.3593196597543326,0.0,0.0,0.0,0.0,0.056941366846315004,0.0,0.16689710972195776,0.8187775853418399,0.007853981633974483,0.0,0.0,0.0,0.0,0.0,0.0,0.0,0.0,0.0,0.0,0.0,0.0
S016,past,7.184429699678159,2.045962215650353,0.0,0.0,1.1250828690668446,0.0,0.0,0.0,0.8757189521881549,0.0,0.0,0.0,0.0,1.382300767579509,0.0,0.5124723016168351,0.007853981633974483,0.0,0.0,0.0,0.0,0.0,0.0,0.0,0.0,0.0,0.0,0.0,0.0,0.0
S017,past,4.924446484502001,0.13351768777756623,0.0,0.0,0.528180264884784,0.0,0.0,0.0,0.0,0.0,0.0,0.0,0.0,0.14529866022852794,0.0,0.44964044854503915,0.0,0.0,0.0,0.0,0.0,0.0,0.0,0.0,0.0,0.0,0.0,0.0,0.0,0.0
S018,past,0.0,0.0,0.0,0.0,1.9634954084936207,0.0,0.0,0.0,0.0,0.0,0.0,0.0,0.0,1.1152653920243767,0.0,0.0,0.02356194490192345,0.0,0.0,0.0,9.933323271569227,0.0,0.0,0.0,0.0,0.0,0.0,0.0,0.0,0.0
S019,past,0.12566370614359174,0.0,0.0,0.0,2.670353755551324,0.0,0.0,0.0,0.0,0.0,0.0,0.0,0.0,0.10406525665016189,0.0,0.8462665210607505,0.04908738521234052,0.0,0.0,0.0,0.44964044854503915,0.0,0.0,0.0,0.0,0.0,0.0,0.0,0.0,0.0
S020,past,0.9464047868939252,0.0,0.0,0.0,10.604838701274046,0.0,0.0,0.0,0.0,0.0,0.0,0.0,0.0,0.8266315669758144,0.0,0.0,1.5295629232165306,0.0,0.0,0.0,12.52121021996382,0.0,0.0,0.0,0.0,0.0,0.0,0.0,0.0,0.0
S021,past,0.10210176124166828,7.828456193664066,0.0,0.0,1.5963217671053136,0.0,0.0,0.0,0.0,0.0,0.0,0.0,0.0,0.4084070449666731,0.0,0.0,0.6047565858160352,0.0,0.0,0.0,0.0,0.0,0.0,0.0,0.0,0.0,0.0,0.0,0.0,0.0
S022,past,0.0,0.0,0.0,0.0,4.855724145204724,0.0,0.0,0.0,0.0,0.0,0.0,0.0,0.0,0.09621127501618743,0.0,0.0,0.056941366846315004,0.0,0.0,0.0,0.5713771638716436,0.0,0.0,0.0,0.0,0.0,0.0,0.0,0.0,0.0
S023,past,0.19634954084936207,0.0,0.0,0.0,7.164794745593222,0.0,0.0,0.0,0.0,0.0,0.0,0.0,0.0,0.08639379797371932,0.0,0.0,0.3141592653589793,0.0,0.0,0.0,3.165154598491717,0.0,0.0,0.0,0.0,0.0,0.0,0.0,0.0,0.0
S024,past,9.143998117354792,0.03337942194439156,0.0,0.0,2.312997591205485,0.0,0.0,0.0,0.0,0.0,0.0,0.0,0.0,0.056941366846315,0.0,0.04908738521234052,1.0112001353742146,0.0,0.0,0.0,0.0,0.0,0.0,0.0,0.0,0.0,0.0,0.0,0.0,0.0
S025,past,1.6787885742620459,3.685480881742526,0.0,0.0,0.0,0.0,0.0,0.0,0.0,0.0,0.0,0.0,0.0,0.6950773746067418,0.0,0.0,0.0,0.0,0.0,0.0,0.0,0.0,0.0,0.0,0.0,0.0,0.0,0.0,0.0,0.0
S026,past,15.28777525053133,0.9876381904722913,0.0,0.0,7.8559451293829765,0.0,0.0,0.0,0.08246680715673207,0.0,0.0,0.0,0.0,3.3104532587202447,0.0,1.2154036578575513,0.7539822368615504,0.0,0.0,0.0,0.0,0.0,0.0,0.0,0.0,0.0,0.0,0.0,0.0,0.0
S027,past,3.6540649552066284,0.08443030256522568,0.0,0.0,3.4537884235402787,0.0,0.0,0.0,0.0,0.0,0.0,0.0,0.0,1.553124868118454,0.0,0.0,0.21402099952580467,0.0,0.0,0.0,0.15904312808798327,0.0,0.0,0.0,0.0,0.0,0.0,0.0,0.0,0.0
S028,past,10.245519041519714,0.0,0.0,0.0,3.881830422591888,0.0,0.0,0.0,0.0,0.0,0.0,0.0,0.0,2.0008018212549996,0.0,8.515679586636834,1.2762720155208536,0.0,0.0,0.0,3.18871654339364,0.0,0.0,0.0,0.0,0.0,0.0,0.0,0.0,0.0
S029,past,0.16689710972195776,0.0,0.0,0.0,0.08050331174823845,0.0,0.0,0.0,0.0,0.0,0.0,0.0,0.0,0.0,0.0,0.9248063374004954,0.0,0.0,0.0,0.0,1.4058627124814325,0.0,0.0,0.0,0.0,0.0,0.0,0.0,0.0,0.0
S030,past,3.5912331021348325,0.0,0.0,0.0,0.017671458676442587,0.0,0.0,0.0,0.0,0.0,0.0,0.0,0.0,0.0,0.0,8.65508776063988,0.0,0.0,0.0,0.0,0.0,0.0,0.0,0.0,0.0,0.0,0.0,0.0,0.0,0.0
S031,past,0.0,0.0,0.0,0.0,0.0,0.0,0.0,0.0,0.0,0.0,0.0,0.0,0.0,0.0,0.0,0.0,0.0,0.0,0.0,0.0,0.0,0.0,0.0,0.0,0.0,0.0,0.0,0.0,0.0,0.0
S032,past,0.0,0.0,0.699004365423729,0.0,0.0,0.0,23.326325452904214,0.0,0.02552544031041707,0.0,0.7402377690020949,0.0,39.70776764596649,0.0,0.0,0.0,0.0,2.39153740754523,2.650718801466388,0.0,0.0,5.566509483079415,0.0,0.0,0.0,0.0,0.0,0.0,0.0,0.0
S033,past,0.0,0.0,0.0,0.0,0.0,0.0,0.0,0.0,0.0,0.0,0.5870851271395926,0.0,8.40572384376119,0.0,0.0,0.0,0.0,0.4398229715025711,0.5792311455056182,9.328566685753193,0.0,2.9805860300933165,0.0,0.0,0.0,0.0,0.0,0.0,0.0,0.0
S034,past,0.0,0.0,0.0,0.0,0.0,0.0,0.0,0.0,0.0,0.0,0.0,0.0,9.428704951586367,0.0,0.0,0.0,0.0,2.034181243199391,6.697482838371741,3.369358120975053,0.0,8.23686323863074,0.0,0.0,0.0,0.0,0.0,0.0,0.0,0.0
S035,past,0.0,0.0,0.0,0.0,0.0,0.0,0.0,0.007853981633974483,0.0,0.0,0.0,0.0,8.886780218842128,0.0,0.0,0.0,0.0,1.4765485471872029,0.0,12.809844045012381,0.0,3.899501881268331,0.0,0.0,0.0,0.0,0.0,0.0,0.0,0.0
S036,past,0.0,0.0,0.02356194490192345,0.0,0.0,0.0,0.0,0.015707963267948967,0.0,0.0,0.11388273369263001,0.0,2.1362830044410597,0.0,0.0,0.0,0.0,0.6852598975642736,0.031415926535897934,22.686225949735295,0.0,2.7272951223976394,0.0,0.0,0.0,0.0,0.0,0.0,0.0,0.0
S037,past,0.0,0.0,1.372483290537041,16.088881377196728,0.0,0.24347343065320898,0.0942477796076938,0.031415926535897934,0.0,0.0,0.18260507298990675,0.0,0.1040652566501619,0.0,0.0,0.0,0.0,0.13351768777756623,0.0,1.0642145114035426,0.0,0.4201880174176349,0.0,0.0,0.0,0.0,0.0,0.0,0.0,0.0
S038,past,0.0,0.0,0.0,0.0,0.0,0.0,0.0,0.007853981633974483,0.0,0.0,1.040652566501619,0.0,0.08050331174823845,0.0,0.0,0.0,0.0,0.6872233929727674,7.596763735461819,23.7622214335898,0.0,7.37488875430204,0.0,0.0,0.0,0.0,0.0,0.0,0.0,0.0
S039,past,0.0,0.0,0.07068583470577035,0.0,0.0,0.11584622910112363,0.0,0.3769911184307752,0.0,0.0,0.10210176124166828,0.031415926535897934,0.09621127501618743,0.0,0.0,0.0,0.0,0.007853981633974483,14.612332830009526,7.608544707912781,0.0,7.156940763959248,0.0,0.0,0.0,0.0,0.0,0.0,0.0,0.0
S040,past,0.0,0.0,0.3455751918948773,0.0,0.0,0.0,0.0,0.0,0.0,0.0,0.0746128255227576,0.11191923828413639,0.20616701789183017,0.0,0.0,0.0,0.0,0.015707963267948967,1.0465430527270998,1.284125997154828,0.0,0.25132741228718347,0.0,0.0,0.0,0.0,0.0,0.0,0.0,0.0
S041,past,0.0,0.0,0.0,0.0,0.0,0.0,0.0,0.0,0.0,0.0,0.5065818153913542,0.5556692006036947,0.7107853378746908,0.0,0.0,0.0,0.0,0.10995574287564278,0.44767695313654554,1.3881912538049899,0.0,1.2801990063378408,0.0,0.0,0.0,0.0,0.0,0.0,0.0,0.0
S042,past,0.0,0.0,0.0,0.35539266893734534,0.0,0.0,0.0,0.0,0.0,0.0,0.3789546138392688,0.0,0.2532909076956771,0.0,0.0,0.0,0.0,0.02356194490192345,0.46338491640449453,1.129009859883832,0.0,0.2945243112740431,0.0,0.0,0.0,0.0,0.0,0.0,0.0,0.0
S043,past,0.0,0.0,0.0,0.0,0.0,0.0,0.0,0.0,0.0,0.0,0.4221515128261285,0.0,3.5814156250923643,0.0,0.0,0.0,0.0,0.0471238898038469,1.0426160619101126,1.8928095737878505,0.0,0.3377212102609028,0.0,0.0,0.0,0.0,0.0,0.0,0.0,0.0
S044,past,0.0,0.0,0.6538439710283758,0.0,0.0,0.0,0.0,0.05497787143782139,0.0,0.0,0.3063052837250049,0.0,5.120796025351363,0.0,0.0,0.0,0.0,2.972732048459342,0.7912886496229292,1.5001104920891264,0.0,2.061670178918302,0.0,0.0,0.0,0.0,0.0,0.0,0.0,0.0
S045,past,0.0,0.0,0.5399612373357457,0.09621127501618741,0.0,0.0,0.284706834231575,0.0,0.0,0.0,0.0,0.0,1.0170906215996955,0.0,0.0,0.0,0.0,0.0,1.3391038685926493,0.0,0.0,0.04123340357836604,0.0,0.0,0.0,0.0,0.0,0.0,0.0,0.0
S046,past,0.0,0.0,0.039269908169872414,1.113301896615883,0.0,0.0,0.056941366846315004,0.031415926535897934,0.031415926535897934,0.0,0.14333516482003433,0.0,14.883295196381646,0.0,0.0,0.0,0.0,0.9483682823024189,3.887720908817369,0.19438604544086846,0.0,2.169662426385451,0.0,0.0,0.0,0.0,0.0,0.0,0.0,0.0
S047,past,0.0,0.0,4.6475936319044004,0.3121957699504857,0.0,0.0,0.0,0.02356194490192345,0.0,0.0,0.21402099952580467,0.05497787143782139,0.6695519342963248,0.0,0.0,0.0,0.0,0.007853981633974483,0.12959069696057895,0.9444412914854317,0.0,0.46534841181298814,0.0,0.0,0.0,0.0,0.0,0.0,0.0,0.0
S048,past,0.0,0.0,0.22776546738526002,1.2801990063378408,0.0,0.05497787143782139,0.015707963267948967,0.0,0.0,0.0,0.015707963267948967,6.988080158828796,0.07853981633974483,0.0,0.0,0.0,0.0,0.031415926535897934,0.0,0.0,0.0,0.1904590546238812,0.0,0.0,0.0,0.0,0.0,0.0,0.0,0.0
S049,past,0.0,0.0,8.174031385558944,0.0,0.0,0.0,0.0,0.0,0.0,0.0,0.3161227607674729,0.0,3.1730085801256913,0.0,0.0,0.0,0.0,0.24740042147019622,3.9387717894382033,0.039269908169872414,0.0,0.11780972450961724,0.0,0.0,0.0,0.0,0.0,0.0,0.0,0.0
S050,past,0.0,0.0,2.9943304979527716,0.43785947609407744,0.0,0.4987278337573797,0.015707963267948967,0.0,0.0,0.0,0.015707963267948967,1.2055861808150832,0.02356194490192345,0.0,0.0,0.0,0.0,0.0,0.0,0.0,0.0,0.4987278337573797,0.0,0.0,0.0,0.0,0.0,0.0,0.0,0.0
S051,past,0.0,0.0,0.9208793465835081,11.072150608495527,0.0,4.141011816513046,0.0,0.13351768777756623,0.0,0.0,1.1643527772367173,1.5256359323995434,0.12370021073509811,0.0,2.874557278034661,0.0,0.0,0.007853981633974483,0.0,0.0,0.0,3.608904560811275,0.0,0.0,0.0,0.0,0.0,0.0,0.0,0.0
S052,past,0.0,0.0,0.02356194490192345,0.02552544031041707,0.0,0.0,0.0,0.007853981633974483,0.0,0.0,0.0,2.169662426385451,0.08246680715673207,0.0,0.0,0.0,0.0,1.6297011890497053,0.04908738521234052,9.841038987370027,0.0,4.508185457901353,0.0,0.0,0.0,0.0,0.0,0.0,0.0,0.0
S053,past,0.0,0.0,1.7337664456998672,0.0,0.0,0.0,0.06283185307179587,0.0,0.0,0.0,0.11780972450961726,2.1461004814835274,0.007853981633974483,0.0,0.0,0.0,0.0,0.015707963267948967,0.38484510006474965,0.0471238898038469,0.0,0.699004365423729,0.0,0.0,0.0,0.0,0.0,0.0,0.0,0.0
S054,past,0.0,0.0,0.0,1.0131636307827083,0.0,0.0,0.0,0.007853981633974483,0.0,0.0,0.25918139392115797,4.822344723260333,0.26703537555513246,0.0,0.0,0.0,0.0,0.10995574287564278,2.438661297349077,0.0,0.0,0.8246680715673207,0.0,0.0,0.0,0.0,0.0,0.0,0.0,0.0
S055,past,0.0,0.0,1.745547418150829,0.007853981633974483,0.0,0.039269908169872414,0.0,0.0,0.0,0.0,0.0,0.1806415775814131,0.007853981633974483,0.0,0.0,0.0,0.0,0.0,0.0,0.0,0.0,0.031415926535897934,0.0,0.0,0.0,0.0,0.0,0.0,0.0,0.0
S056,past,0.0,0.0,3.4518249281317854,0.0,0.0,0.0,0.02552544031041707,0.0,0.0,0.0,0.0,0.2532909076956771,0.04908738521234052,0.0,0.0,0.0,0.0,0.035342917352885174,0.08835729338221293,0.1806415775814131,0.0,0.1806415775814131,0.0,0.0,0.0,0.0,0.0,0.0,0.0,0.0
S057,past,0.0,0.0,10.924888452858506,12.47801332097696,0.0,0.6656249434793374,0.02356194490192345,0.05497787143782139,0.0,0.0,0.23169245820224726,3.7051158358274625,0.17278759594743864,0.0,0.0,0.0,0.0,0.11780972450961726,0.5419247327442394,0.0,0.0,0.8305585577928016,0.0,0.0,0.0,0.0,0.0,0.0,0.0,0.0
S058,past,0.0,0.0,9.707521299592461,13.391038685926494,0.0,0.47320239344696263,0.5478152189697202,0.10210176124166828,0.0,0.0,0.23365595361074087,0.9758572180213295,0.0,0.0,0.0,0.0,0.0,0.5262167694762904,0.017671458676442587,0.0,0.0,0.5988660995905544,0.0,0.0,0.0,0.0,0.0,0.0,0.0,0.0
S059,past,0.0,0.0,11.600330873380312,2.5289820861397834,0.0,3.1455196444067806,0.7029313562407162,0.1884955592153876,0.04123340357836604,0.0,0.8501935118777378,1.7082410053894501,0.0,0.0,0.0,0.0,0.0,0.17278759594743864,0.0,0.0,0.0,0.1806415775814131,0.0,0.0,0.0,0.0,0.0,0.0,0.0,0.0
S060,past,0.0,0.0,33.56791750360694,14.68498216012379,0.0,4.928373475318988,9.10472820918492,2.287472150895068,1.201659189998096,0.0,6.400995031689204,5.537057051952011,0.46534841181298814,0.0,0.0,0.0,0.0,1.8456856839840037,0.0,0.0,0.0,0.7539822368615504,0.0,0.0,0.0,0.0,0.0,0.0,0.0,0.0
S061,past,0.0,0.0,12.29933523880404,9.585784584265857,0.0,1.470658060961722,1.8417586931670165,0.8541205026947251,0.8501935118777378,0.0,5.332853529468674,5.222897786593031,0.007853981633974483,0.0,0.1040652566501619,0.0,0.0,0.3553926689373454,0.0,0.0,0.0,1.1800607405046661,0.0,0.0,0.0,0.0,0.0,0.0,0.0,0.0
S062,past,0.0,0.0,33.72696063169492,13.59524220840983,0.0,1.0367255756846319,0.284706834231575,0.07068583470577035,0.039269908169872414,0.0,4.174391238457438,1.7475109135593225,0.0,0.0,0.0,0.0,0.0,0.1413716694115407,0.0,0.0,0.0,0.6774059159302992,0.0,0.0,0.0,0.0,0.0,0.0,0.0,0.0
S063,past,0.0,0.0,18.013106877520478,19.78810672679871,0.0,0.4339324852770902,0.039269908169872414,0.13351768777756623,0.0,0.0,0.0942477796076938,0.7206028149171588,0.0,0.0,0.0,0.0,0.0,0.09621127501618743,0.43196898986859655,0.0,0.0,0.7323837873681206,0.0,0.0,0.0,0.0,0.0,0.0,0.0,0.0
S064,past,0.0,0.0,9.106691704593413,0.8874999246391165,0.0,1.7494744089678163,0.0,0.3337942194439155,0.0,0.0,0.06283185307179587,26.226408171249293,0.039269908169872414,0.0,0.0,0.0,0.0,0.9797842088383169,0.0,0.0,0.0,0.07657632093125122,0.0,0.0,0.0,0.0,0.0,0.0,0.0,0.0
S065,past,0.0,0.0,2.2462387473167023,20.24952814779471,0.0,4.6102872191430215,0.0,0.43785947609407744,0.10799224746714914,0.0,8.179921871784424,0.9680032363873551,4.009457624143974,0.0,0.3946625771072178,0.0,0.0,0.0,0.0,0.0,0.0,1.4117531987069134,0.0,0.0,0.0,0.0,0.0,0.0,0.0,0.0
S066,past,0.0,0.2768528525976005,1.8064157758141313,2.50542014123786,0.0,2.1461004814835274,0.1511891464540088,0.007853981633974483,0.5065818153913542,0.0,0.3318307240354219,0.1590431280879833,0.0,0.0,1.6866425558960203,0.0,0.0,0.06283185307179587,0.007853981633974483,0.0,0.0,0.0,0.0,0.0,0.0,0.0,0.0,0.0,0.0,0.0
S067,past,0.0,0.0,14.390457848849747,1.5217089415825562,0.0,9.100801218367932,0.4162610266006476,0.0,0.0,0.0,0.7009678608322226,7.390596717569989,0.13548118318605984,0.0,0.1413716694115407,0.0,0.0,0.1963495408493621,0.0,0.0,0.0,1.1800607405046661,0.0,0.0,0.0,0.0,0.0,0.0,0.0,0.0
S068,past,0.0,0.23758294442772812,11.007355260015238,10.53611636197677,0.0,5.491896657556658,0.4790928796724435,0.49087385212340523,0.3848451000647497,0.0,7.03324055322415,3.9976766516930122,0.2905973204570559,0.0,1.9850938579870507,0.0,0.0,0.2984513020910304,0.19634954084936207,0.0,0.0,0.9365873098514571,0.0,0.0,0.0,0.0,0.0,0.0,0.0,0.0
S069,past,0.0,0.0,1.7455474181508288,0.9778207134298231,0.0,0.48891035671491156,1.3116149328737388,0.15315264186250244,0.10210176124166828,0.0,0.007853981633974483,0.08639379797371932,1.9693858947191016,0.0,0.039269908169872414,0.0,0.0,0.9817477042468105,0.5026548245743669,0.04319689898685966,0.0,0.6302820261264522,0.0,0.0,0.0,0.0,0.0,0.0,0.0,0.0
S070,past,0.0,0.0,1.227184630308513,0.0,0.0,0.9542587685278997,1.8397951977585227,0.4064435495581795,0.43000549446010294,0.0,0.23365595361074087,0.0,0.015707963267948967,0.0,0.07068583470577035,0.0,0.0,0.5811946409141118,0.0,0.09817477042468103,0.0,0.2827433388230814,0.0,0.0,0.0,0.0,0.0,0.0,0.0,0.0
S071,past,0.0,0.0,0.585121631731099,0.0,0.0,0.1963495408493621,4.955862411037899,0.1040652566501619,1.2448560889849556,0.0,0.21794799034279191,0.039269908169872414,0.06675884388878311,0.0,4.068362486398782,0.0,0.0,0.3789546138392688,0.0,0.0,0.0,0.8619744843286995,0.0,0.0,0.0,0.0,0.0,0.0,0.0,0.0
S072,past,0.0,0.0,0.6754424205218055,0.0,0.0,0.25918139392115797,15.609788497524285,0.8305585577928016,0.9896016858807849,0.0,0.07853981633974483,0.45749443017901364,0.24740042147019622,0.0,0.0,0.0,0.0,1.7514379043763098,0.0,0.2748893571891069,0.0,1.6434456569091607,0.0,0.0,0.0,0.0,0.0,0.0,0.0,0.0
S073,past,0.0,0.8423395302437633,13.850496611514002,2.4308073157151027,0.0,2.2442752519082085,0.6695519342963248,0.0471238898038469,1.3587388226775856,0.0,3.4498614327232917,0.6479534848028949,0.0,0.0,0.5929756133650735,0.0,0.0,0.3534291735288518,0.0,0.0,0.0,0.3377212102609028,0.0,0.0,0.0,0.0,0.0,0.0,0.0,0.0
S074,past,0.0,0.0,14.50630407795087,1.4176436849323941,0.0,0.49676433834888606,1.1938052083641215,0.08639379797371932,0.2905973204570559,0.0,1.470658060961722,0.1492256510455152,0.3337942194439155,0.0,0.2788163480060942,0.0,0.0,0.3298672286269283,0.0,0.0,0.0,0.21598449493429828,0.0,0.0,0.0,0.0,0.0,0.0,0.0,0.0
S075,past,0.0,0.0,24.529948138310804,6.224280444924778,0.0,5.554728510628453,3.023782929080176,0.39073558629023053,0.5517422097867075,0.0,3.112140222462389,2.222676802414779,2.6644632693258434,0.0,0.5635231822376692,0.0,0.0,0.559596191420682,1.9870573533955442,0.0,0.0,0.4260785036431157,0.0,0.0,0.0,0.0,0.0,0.0,0.0,0.0
S076,past,0.0,0.0,17.182548319727676,3.4282629832298617,0.0,2.1205750411731104,0.632245521534946,0.08639379797371932,0.4810563750809371,0.0,2.236421270274234,0.40055306333269863,3.956443248114646,0.0,0.21794799034279191,0.0,0.0,0.1884955592153876,0.0,0.0,0.0,0.45749443017901364,0.0,0.0,0.0,0.0,0.0,0.0,0.0,0.0
S077,past,0.0,0.0,24.899085275107605,7.887361055918874,0.0,1.7789268400952205,1.030835089459151,0.1884955592153876,0.24347343065320898,0.0,6.781913140936966,0.6597344572538566,0.7441647598190823,0.0,0.053014376029327764,0.0,0.0,0.21991148575128555,0.0,0.0,0.0,0.398589567924205,0.0,0.0,0.0,0.0,0.0,0.0,0.0,0.0
S078,past,0.0,0.0,19.699749433416496,0.0,0.0,5.62345084992573,8.961393044364886,4.015348110369454,3.3065262679032577,0.0,6.239988408192727,2.232494279457247,0.2925608158655495,0.0,0.39073558629023053,0.0,0.0,1.492256510455152,0.0,0.0,0.0,0.20027653166634932,0.0,0.0,0.0,0.0,0.0,0.0,0.0,0.0
S079,past,0.0,15.297592727573798,0.3141592653589793,0.3298672286269283,0.0,0.3259402378099411,0.039269908169872414,0.039269908169872414,0.5831581363226054,0.0,0.12173671532660449,0.0,0.0,0.0,0.6047565858160352,0.0,0.007853981633974483,0.0471238898038469,0.6342090169434396,0.0,0.0,0.0,0.0,0.0,0.0,0.0,0.0,0.0,0.0,0.0
S080,past,0.0,1.1859512267301469,3.760093707265284,2.458296251434013,0.0,1.543307391075986,2.150027472300515,0.20224002707484295,0.9994191629232531,0.0,0.5811946409141118,0.015707963267948967,0.031415926535897934,0.0,1.568832831386403,0.0,0.0,0.1983130362578557,0.0,0.0,0.0,0.3671736413883071,0.0,0.0,0.0,0.0,0.0,0.0,0.0,0.0
S081,past,2.713550654538184,16.37162471601981,4.423755155336128,0.031415926535897934,0.0,2.2855086554865744,13.842642629880027,4.445353604829558,2.668390260142831,0.0,0.8914269154561039,0.46338491640449453,0.007853981633974483,0.0,1.1113384012073895,0.0,0.0,2.3993913891792045,0.0,0.0,0.0,0.007853981633974483,0.0,0.0,0.0,0.0,0.0,0.0,0.0,0.0
S082,past,0.6793694113387928,3.634430001121692,0.04908738521234052,0.0,0.0,0.3750276230222816,0.0,0.12762720155208535,0.17475109135593225,0.0,0.0,0.0,0.0,0.0,0.1786780821729195,0.0,0.09817477042468103,0.06479534848028949,0.0,0.0,0.0,0.0,0.0,0.0,0.0,0.0,0.0,0.0,0.0,0.0
S083,past,0.8619744843286996,3.2181689745210442,1.1800607405046661,0.2650718801466388,0.0,4.162610266006476,0.2729258617806133,0.4260785036431157,0.9935286766977721,0.0,0.015707963267948967,0.0,0.0,0.0,2.670353755551324,0.0,0.0471238898038469,0.4810563750809371,0.0,0.0,0.0,0.02552544031041707,0.0,0.0,0.0,0.0,0.0,0.0,0.0,0.0
S084,past,18.19374845510189,8.309512568745003,0.5458517235612266,0.15904312808798327,0.0,5.806055922915637,0.6518804756198822,6.02989439948391,4.1979531833593615,0.0,3.4498614327232917,0.04123340357836604,0.0,0.0,3.2751103413673595,0.0,0.007853981633974483,2.0577431881013144,0.0,0.0,0.0,0.0,0.0,0.0,0.0,0.0,0.0,0.0,0.0,0.0
S085,past,0.0,0.0,9.481719327615695,0.08050331174823845,0.0,0.3043417883165112,0.0,1.5825772992458584,0.0,0.0,0.0,4.052654523130833,0.0,0.0,0.0,0.0,0.0,0.2611448893296516,0.0,0.0,0.0,0.04908738521234052,0.0,0.0,0.0,0.0,0.0,0.0,0.0,0.0
S086,past,0.0,0.6145740628585032,10.865983590603697,0.0,0.0,0.007853981633974483,0.0,0.07853981633974483,0.0,0.0,0.0,0.4516039439535328,0.0,0.0,0.0,0.0,0.0,0.15707963267948966,0.5026548245743669,0.0,0.0,0.015707963267948967,0.0,0.0,0.0,0.0,0.0,0.0,0.0,0.0
S087,past,0.0,0.8580474935117123,6.114324702049135,0.017671458676442587,0.0,0.08639379797371932,0.1413716694115407,0.1492256510455152,0.0,0.0,0.02356194490192345,0.6086835766330224,0.0,0.0,0.0,0.19242255003237485,0.0,0.1963495408493621,0.0,0.0,0.0,0.015707963267948967,0.0,0.0,0.0,0.0,0.0,0.0,0.0,0.0
S088,past,0.0,0.56941366846315,7.2236996078480304,0.5222897786593031,0.0,0.2945243112740431,0.07853981633974483,0.12566370614359174,0.0,0.0,0.18456856839840036,0.730420291959627,0.007853981633974483,0.0,0.0,0.0,0.0,0.48301987048943074,0.0,0.0,0.0,0.0,0.0,0.0,0.0,0.0,0.0,0.0,0.0,0.0
S089,past,0.0,0.0,0.0,16.915512944172544,0.0,0.07853981633974483,0.0,0.0,0.0,0.0,0.0,0.0,0.0,1.9634954084936207,0.0,0.0,0.34164820107789,0.0,0.0,0.0,0.0,0.0,0.0,0.0,0.0,0.0,0.0,0.0,0.0,0.0
S090,past,23.64244821367169,2.128429022807085,0.0,0.0,0.0,0.6950773746067418,0.5988660995905544,2.197151362104362,0.9660397409788615,0.0,0.056941366846315004,0.02552544031041707,0.0,0.9797842088383167,0.44767695313654554,1.8908460783793568,0.0746128255227576,0.7952156404399164,0.0,0.0,0.0,0.0,0.0,0.0,0.0,0.0,0.0,0.0,0.0,0.0
S091,past,1.7671458676442586,5.951354583144164,0.7853981633974483,0.8580474935117123,0.0,1.284125997154828,0.09032078879070655,1.4019357216644452,0.8325220532012952,0.45356743936202637,0.39269908169872414,0.56941366846315,0.0,0.035342917352885174,0.46534841181298814,1.0838494654884787,0.0471238898038469,0.28667032964006867,0.0,0.0,0.0,0.017671458676442587,0.0,0.0,0.0,0.0,0.0,0.0,0.0,0.0
S092,past,12.609567513346033,9.92350579452676,0.0,0.0,0.0,0.5144357970253286,0.0,1.9929478396210252,0.7755806863549802,0.0,0.007853981633974483,0.02356194490192345,0.0,0.015707963267948967,2.148063976892021,0.22187498115977916,1.0838494654884787,0.6970408700152354,0.0,0.0,0.0,0.0,0.0,0.0,0.0,0.0,0.0,0.0,0.0,0.0
S093,past,17.21789123708056,7.105889883338413,0.15904312808798327,0.0,0.0,9.183268025524665,0.21009400870881742,5.945464096918684,2.2717641876271193,0.0,0.5340707511102649,0.0,0.0,2.8451048469072564,5.866924280578939,1.4902930150466582,1.1466813185602744,1.2487830798019428,0.0,0.0,0.0,0.0,0.0,0.0,0.0,0.0,0.0,0.0,0.0,0.0
S094,past,9.485646318432682,7.80882123957913,1.4333516482003432,4.561199833930681,0.0,4.298091449192536,0.0,5.554728510628453,6.073091298470769,0.0,2.8549223239497246,0.03337942194439156,0.0,1.2134401624490576,4.724169952835651,0.6636614480708438,8.62170833869549,0.68329640215578,0.0,0.0,0.0,0.0,0.0,0.0,0.0,0.0,0.0,0.0,0.0,0.0
S095,past,9.628981483252716,9.980447161373075,0.06283185307179587,2.038108234016378,0.0,2.144136986075034,0.0,2.216786316189298,3.9603702389316333,0.0,0.1394081740030471,0.0,0.0,0.10602875205865553,0.0,1.1564987956027428,4.217588137444298,0.24543692606170261,0.0,0.0,0.0,0.0,0.0,0.0,0.0,0.0,0.0,0.0,0.0,0.0
S096,past,2.6134123887050094,3.3831025888345083,0.17867808217291947,0.12566370614359174,0.0,1.5609788497524286,0.0,0.27685285259760056,0.3966260725157114,0.0,0.02356194490192345,0.18456856839840036,0.0,0.2729258617806133,0.0,0.3121957699504857,0.056941366846315,0.18456856839840036,0.0,0.0,0.0,0.0,0.0,0.0,0.0,0.0,0.0,0.0,0.0,0.0
S097,past,17.6066633279623,24.419992395435163,0.0,0.0,0.0,0.39073558629023053,0.0,0.13351768777756623,1.6375551706836797,0.0,0.0,0.0,0.0,2.737112599440107,0.0,0.10406525665016189,0.7480917506360695,1.1780972450961724,0.0,0.0,0.0,0.0,0.0,0.0,0.0,0.0,0.0,0.0,0.0,0.0
S098,past,7.398450699203963,2.2442752519082085,0.610647072041516,0.7853981633974483,0.0,0.17475109135593225,0.0,0.9071348787240529,0.8148505945248526,0.0,0.21205750411731106,0.1610066234964769,0.0,0.5654866776461628,0.0,0.3632466505713199,0.1413716694115407,0.553705705195201,0.0,0.0,0.0,0.0,0.0,0.0,0.0,0.0,0.0,0.0,0.0,0.0
S099,past,5.293583621298802,3.4655693959912406,0.0,0.8874999246391166,0.0,3.663882432249096,0.0,0.3357577148524092,0.3200497515844602,0.07068583470577035,0.0,0.007853981633974483,0.0,0.0,0.0,1.3705197951285473,0.46731190722148175,0.14726215563702155,0.0,0.0,0.0,0.0,0.0,0.0,0.0,0.0,0.0,0.0,0.0,0.0
S100,past,1.113301896615883,0.0,0.0,0.0,0.0,0.0,0.0,0.0,0.0,0.0,0.0,0.0,0.0,0.0,0.0,2.085232123820225,0.0,0.0,0.0,0.0,0.0,0.0,0.0,0.0,0.0,0.0,0.0,0.0,0.0,0.0
S101,past,0.0,0.0,0.0,0.9444412914854317,0.0,0.18260507298990675,0.0,0.0,0.0,0.0,0.0,0.0,0.0,0.13351768777756623,0.0,0.0,0.16689710972195776,1.1349003461093128,0.0,0.0,0.0,0.0,0.0,0.0,0.0,0.0,0.0,0.0,0.0,0.0
S102,past,3.2397674240144743,2.5034566458293668,0.0,0.0,0.0,0.09817477042468103,0.0,1.1564987956027426,0.4417864669110647,0.0,0.0,0.0,0.0,0.8050331174823845,0.0,0.0,0.017671458676442587,0.5517422097867074,0.0,0.0,0.0,0.0,0.0,0.0,0.0,0.0,0.0,0.0,0.0,0.0
S103,past,6.705336820005715,13.002266595044757,0.0,0.0,3.106249736236908,0.0,0.0,0.0,1.4981469966806327,0.0,0.0,0.0,0.0,0.79717913584841,0.0,0.0,0.017671458676442587,0.0,0.0,0.0,0.0,0.0,0.0,0.0,0.0,0.0,0.0,0.0,0.0,0.0
S104,past,20.25541863402019,4.362886797672825,0.0,0.0,0.0,0.0,0.0,0.0,0.6518804756198822,0.0,0.0,0.0,0.0,0.7029313562407162,0.0,0.0,0.5006913291658733,0.0,0.0,0.0,0.0,0.0,0.0,0.0,0.0,0.0,0.0,0.0,0.0,0.0
S105,past,2.964878066825367,0.0,0.0,0.0,32.957270431565426,0.0,0.0,0.0,0.0,0.0,0.0,0.0,0.0,0.056941366846315004,0.0,0.0,0.0,0.0,0.0,0.0,6.636614480708438,0.0,0.0,0.0,0.0,0.0,0.0,0.0,0.0,0.0
S106,past,0.15707963267948966,0.0,0.0,0.0,8.439103265705581,0.0,0.0,0.0,0.0,0.0,0.0,0.0,0.0,0.6086835766330224,0.0,0.007853981633974483,1.0995574287564276,0.0,0.0,0.0,0.0,0.0,0.0,0.0,0.0,0.0,0.0,0.0,0.0,0.0
S107,past,1.0583240251780617,2.86866679180918,0.0,0.0,10.227847582843271,0.0,0.0,0.0,0.0,0.0,0.0,0.0,0.0,0.3495021827118645,0.0,0.15904312808798327,1.3017974558312706,0.0,0.0,0.0,0.0,0.0,0.0,0.0,0.0,0.0,0.0,0.0,0.0,0.0
S108,past,10.259263509379169,0.0,0.0,0.0,9.483682823024187,0.0,0.0,0.0,0.0,0.0,0.0,0.0,0.0,1.6728980880365647,0.0,0.0,0.035342917352885174,0.0,0.0,0.0,1.2232576394915258,0.0,0.0,0.0,0.0,0.0,0.0,0.0,0.0,0.0
S109,past,3.0826877913349846,7.940375431948202,0.0,0.0,3.0355639015311375,0.0,0.0,0.0,0.007853981633974483,0.0,0.0,0.0,0.0,1.1407908323347937,0.0,0.0,0.0,0.0,0.0,0.0,0.0,0.0,0.0,0.0,0.0,0.0,0.0,0.0,0.0,0.0
S110,past,17.969909978533618,0.0,0.0,0.0,0.6243915399009714,0.0,0.0,0.0,0.170824100538945,0.0,0.0,0.0,0.0,3.742422248588841,0.0,0.2925608158655495,0.0,0.0,0.0,0.0,0.0,0.0,0.0,0.0,0.0,0.0,0.0,0.0,0.0,0.0
S111,past,0.031415926535897934,3.732604771546373,0.0,0.0,1.5649058405694158,0.0,0.0,0.0,0.0,0.0,0.0,0.0,0.0,1.6022122533307945,0.0,0.0,0.21991148575128552,0.0,0.0,0.0,0.0,0.0,0.0,0.0,0.0,0.0,0.0,0.0,0.0,0.0
S112,past,2.6153758841135026,1.9477874452256718,0.0,0.0,15.040374829061134,0.0,0.0,0.0,0.0,0.0,0.0,0.0,0.0,8.301658587111028,0.0,0.05105088062083414,0.0,0.0,0.0,0.0,0.0,0.0,0.0,0.0,0.0,0.0,0.0,0.0,0.0,0.0
S113,past,0.7853981633974483,0.0,0.0,0.0,26.4698816019025,0.0,0.0,0.0,0.0,0.0,0.0,0.0,0.0,2.100940087088174,0.0,8.64330678818892,0.04123340357836604,0.0,0.0,0.0,0.0,0.0,0.0,0.0,0.0,0.0,0.0,0.0,0.0,0.0
S114,past,0.0,0.0,0.40251655874119224,1.1800607405046661,0.0,0.0,0.0,0.02356194490192345,0.0,0.0,0.0,0.05497787143782139,0.0,0.0,0.0,0.0,0.0,0.0,0.0,0.0,0.0,0.37306412761378793,0.0,0.0,0.0,0.0,0.0,0.0,0.0,0.0
S115,past,0.0,0.031415926535897934,1.837831702350029,0.0,0.0,0.039269908169872414,0.039269908169872414,0.0,0.0,0.0,0.0,0.300414797499524,0.0,0.0,0.0,0.0,0.0,0.039269908169872414,0.0,0.0,0.0,0.04908738521234052,0.0,0.0,0.0,0.0,0.0,0.0,0.0,0.0
S116,past,0.0,0.12566370614359174,1.278235510929347,0.04908738521234052,0.0,0.5890486225480862,0.0,0.23169245820224726,0.007853981633974483,0.0,0.3141592653589793,0.45749443017901364,0.0,0.0,0.0,0.0,0.0,0.0,0.5674501730546564,0.0,0.0,0.23954643983622173,0.0,0.0,0.0,0.0,0.0,0.0,0.0,0.0
S117,past,0.0,1.015127126191202,1.3214324099162067,0.0,0.0,0.6440264939859076,0.07264933011426397,0.07068583470577035,0.007853981633974483,0.6479534848028948,0.0,2.7685285259760053,0.0,0.0,0.0,0.0,0.0,0.284706834231575,0.0,0.0,0.0,0.0,0.0,0.0,0.0,0.0,0.0,0.0,0.0,0.0
S118,past,14.665347206038854,2.900082718345078,0.0,0.0,0.0,0.3023782929080176,0.0,0.8600109889202059,0.45553093477052004,29.530970943744055,0.0,0.0,0.0,0.5753041546886308,0.0,1.0112001353742146,0.007853981633974483,0.0,0.0,0.0,0.0,0.0,0.0,0.0,0.0,0.0,0.0,0.0,0.0,0.0
S119,past,2.4465152789830515,3.628539514896211,0.0,0.0,0.0,0.398589567924205,0.0,0.3259402378099411,1.5727598222033903,23.031801141630172,0.0,0.0,0.0,0.0,0.0,0.56941366846315,0.07461282552275758,0.0,0.0,0.0,0.0,0.0,0.0,0.0,0.0,0.0,0.0,0.0,0.0,0.0
S120,past,1.0033461537402402,3.5068027995696065,0.0,0.0,0.0,0.03337942194439156,0.0,0.007853981633974483,0.14529866022852794,20.045324625311373,0.0,0.0,0.0,0.05497787143782139,0.0,0.0,0.0,0.0,0.0,0.0,0.0,0.0,0.0,0.0,0.0,0.0,0.0,0.0,0.0,0.0
S121,past,1.7455474181508288,0.38484510006474965,0.0,0.0,0.0,0.06872233929727672,0.0,0.017671458676442587,0.0,0.0471238898038469,0.0,0.0,0.0,0.20027653166634932,0.0,0.08246680715673207,0.0,0.0,0.0,0.0,0.0,0.0,0.0,0.0,0.0,0.0,0.0,0.0,0.0,0.0
S122,past,0.12173671532660449,0.3455751918948773,0.0,0.0,0.0,1.1309733552923256,0.0,0.007853981633974483,0.1394081740030471,4.154756284372501,0.0,0.0,0.0,0.43196898986859655,0.0,0.09032078879070655,0.007853981633974483,0.02356194490192345,0.0,0.0,0.0,0.0,0.0,0.0,0.0,0.0,0.0,0.0,0.0,0.0
S123,past,0.007853981633974483,0.02356194490192345,0.0,0.0471238898038469,0.0,0.007853981633974483,0.0,0.0,0.0,0.19045905462388124,0.0,0.0,0.0,0.0,0.0,0.015707963267948967,0.0,0.0,0.0,0.0,0.0,0.0,0.0,0.0,0.0,0.0,0.0,0.0,0.0,0.0
S124,past,1.6866425558960203,3.5539266893734536,0.0,0.0,0.0,0.05497787143782139,0.0,0.47712938426394985,0.13548118318605984,24.692918257215773,0.0,0.0,0.0,0.0746128255227576,0.0,0.10406525665016189,0.0,0.0,0.0,0.0,0.0,0.0,0.0,0.0,0.0,0.0,0.0,0.0,0.0,0.0
S125,past,10.017753574134453,1.2919799787888024,0.0,0.017671458676442587,0.0,0.16886060513045137,0.0,0.8109236037078654,0.0,1.1938052083641213,0.0,0.0,0.0,0.0,0.0,0.9503317777109125,0.0,0.07264933011426397,0.0,0.0,0.0,0.0,0.0,0.0,0.0,0.0,0.0,0.0,0.0,0.0
S126,past,0.0,0.0,0.0,2.0479257110588467,0.0,0.0,0.0,0.08835729338221293,0.0,0.0,0.0,0.0,0.2964878066825367,0.0,0.0,0.0,0.0,0.5419247327442394,1.372483290537041,0.0,0.0,0.3102322745419921,0.0,0.0,0.0,0.0,0.0,0.0,0.0,0.0
S127,past,0.007853981633974483,1.6179202165987436,0.0,0.0,4.869468613064179,0.0,0.0,0.0,0.0,0.0,0.0,0.0,0.0,0.15904312808798327,0.0,0.0,0.5242532740677968,0.0,0.0,0.0,0.0,0.0,0.0,0.0,0.0,0.0,0.0,0.0,0.0,0.0
S128,past,3.015928947446201,0.8344855486097889,0.0,0.0,6.7230082786821574,0.0,0.0,0.0,0.0,5.273948667213865,0.0,0.0,0.0,0.12566370614359174,0.0,0.0,0.10602875205865553,0.0,0.0,0.0,0.0,0.0,0.0,0.0,0.0,0.0,0.0,0.0,0.0,0.0
S129,past,13.387111695109507,1.4922565104551517,0.0,0.0,0.0,0.3141592653589793,0.0,1.2193306486745386,0.3848451000647497,0.12762720155208535,0.039269908169872414,0.41037054037516674,0.0,0.07068583470577035,0.0,0.0,0.07068583470577035,0.9306968236259763,0.0,0.0,0.0,0.0,0.0,0.0,0.0,0.0,0.0,0.0,0.0,0.0
S130,past,1.0013826583317467,0.8639379797371931,5.254313713128929,1.4608405839192538,0.0,0.37306412761378793,0.0,1.5806138038373647,0.015707963267948967,0.0,2.1814433988364126,0.7952156404399164,0.0,0.1040652566501619,0.0,0.26703537555513246,0.0,0.21991148575128555,0.0,0.0,0.0,0.0,0.0,0.0,0.0,0.0,0.0,0.0,0.0,0.0
S131,past,3.960370238931633,0.0,4.94015444776995,0.0,0.0,0.035342917352885174,0.0,0.017671458676442587,0.04908738521234052,1.1368638415178065,1.7200219778404118,0.04908738521234052,0.0,0.017671458676442587,0.0,0.7991426312569037,0.0,0.0,0.0,0.0,0.0,0.0,0.0,0.0,0.0,0.0,0.0,0.0,0.0,0.0
S132,past,11.62585631369073,3.659955441432109,0.0,0.0,0.0,0.56941366846315,0.0,1.7828538309122077,0.14726215563702155,10.398671683382215,0.0,0.0,0.0,0.0,0.0,0.0,0.0,0.0,0.0,0.0,0.0,0.0,0.0,0.0,0.0,0.0,0.0,0.0,0.0,0.0
S133,past,4.98924183298229,5.421210822850887,0.06283185307179587,0.3318307240354219,0.0,0.3200497515844602,0.0,0.7284567965511333,0.5792311455056182,1.7710728584612458,0.007853981633974483,0.06283185307179587,0.0,0.0,0.04123340357836604,0.15904312808798327,0.007853981633974483,0.1688606051304514,0.0,0.0,0.0,0.0,0.0,0.0,0.0,0.0,0.0,0.0,0.0,0.0
S134,past,15.9435827169682,1.6316646844581988,0.0,0.0,0.0,0.2905973204570559,0.0,1.1780972450961724,0.16689710972195776,7.995353303386024,0.0,0.0,0.0,0.2905973204570559,0.0,0.6538439710283757,0.06675884388878311,0.06283185307179587,0.0,0.0,0.0,0.0,0.0,0.0,0.0,0.0,0.0,0.0,0.0,0.0
S135,past,4.871432108472673,1.040652566501619,0.0,0.0,0.0,0.6793694113387927,0.0,0.68329640215578,0.657770961845363,4.578871292607124,0.007853981633974483,0.0,0.0,0.3161227607674729,0.0,1.097593933347934,0.11977321991811087,0.07657632093125122,0.0,0.0,0.0,0.0,0.0,0.0,0.0,0.0,0.0,0.0,0.0,0.0
S136,past,7.0175325899562,0.0,0.0,0.0,0.0,0.7343472827766142,0.0,0.5183627878423159,1.9811668671700635,12.47801332097696,0.007853981633974483,0.0,0.0,0.0,0.0,0.7952156404399163,0.039269908169872414,0.04319689898685966,0.0,0.0,0.0,0.0,0.0,0.0,0.0,0.0,0.0,0.0,0.0,0.0
S137,past,9.041896356113124,0.0,0.43393248527709016,0.0,0.0,0.284706834231575,0.0,2.774419012201486,1.5472343818929732,7.755806863549802,0.1315541923690726,0.007853981633974483,0.0,0.0,0.21598449493429828,0.0,0.16493361431346415,0.05497787143782139,0.0,0.0,0.0,0.0,0.0,0.0,0.0,0.0,0.0,0.0,0.0,0.0
S138,past,4.834125695711294,1.4196071803408878,0.0,0.0,0.0,1.7534013997848032,0.0,0.3514656781203581,0.5969026041820608,1.967422399310608,0.0,0.0,0.0,0.42607850364311567,0.0,0.0,1.0543970343610742,0.13744467859455345,0.0,0.0,0.0,0.0,0.0,0.0,0.0,0.0,0.0,0.0,0.0,0.0
S139,past,12.466232348525997,1.7102045007979436,0.0,0.0,0.0,0.6400995031689204,0.0,3.334015203622168,0.23758294442772812,4.608323723734528,0.0,0.0,0.0,0.6479534848028948,0.0,0.17671458676442586,0.0,0.26703537555513246,0.0,0.0,0.0,0.0,0.0,0.0,0.0,0.0,0.0,0.0,0.0,0.0
S140,past,4.241150082346221,2.020436775339936,0.0,0.0,0.0,0.0,0.0,0.007853981633974483,0.1806415775814131,13.247703521106459,0.0,0.0,0.0,0.0,0.0,0.0,0.0,0.007853981633974483,0.0,0.0,0.0,0.0,0.0,0.0,0.0,0.0,0.0,0.0,0.0,0.0
S141,past,1.2546735660274237,2.340486526924396,0.44964044854503915,1.0720684930375168,0.0,0.7088218424661972,0.0,0.1963495408493621,0.07068583470577035,1.7671458676442586,0.0,0.12762720155208535,0.0,0.0,0.20224002707484295,0.0,0.015707963267948967,0.06479534848028949,0.8737554567796612,0.0,0.0,0.0,0.0,0.0,0.0,0.0,0.0,0.0,0.0,0.0
S142,past,9.980447161373075,2.5721789851266434,0.5242532740677968,0.0,0.0,0.18456856839840036,0.0,1.3430308594096367,0.0746128255227576,1.9124445278727866,0.0471238898038469,0.02356194490192345,0.0,0.0,0.0667588438887831,0.04908738521234052,0.07068583470577035,0.007853981633974483,0.0,0.0,0.0,0.0,0.0,0.0,0.0,0.0,0.0,0.0,0.0,0.0
S143,past,0.056941366846315,0.651880475619882,1.2487830798019428,2.786199984652448,0.0,1.3999722262559515,0.0,2.352267499375358,1.3037609512397643,0.0,0.9464047868939253,0.2081305133003238,0.0,0.0,0.0,0.0,0.0,0.007853981633974483,0.0,0.0,0.0,0.0,0.0,0.0,0.0,0.0,0.0,0.0,0.0,0.0
S144,past,6.8035115904303956,27.757934589874317,0.0,0.0,0.0,0.06675884388878311,0.0,0.7422012644105886,0.37306412761378793,1.651299638543135,0.0,0.0,0.0,0.12566370614359174,0.0,0.0,0.0,0.5831581363226054,0.0,0.0,0.0,0.0,0.0,0.0,0.0,0.0,0.0,0.0,0.0,0.0
S145,past,17.155059384008766,0.3200497515844602,0.0,0.0,3.106249736236908,0.0,0.0,0.0,0.1511891464540088,0.0,0.0,0.0,0.0,4.612250714551515,0.007853981633974483,0.21205750411731106,3.0139654520377075,0.0,0.0,0.0,0.0,0.0,0.0,0.0,0.0,0.0,0.0,0.0,0.0,0.0
S146,past,7.135342314465818,13.799445730893167,0.0,0.0,2.4602597468425067,0.1492256510455152,0.0,0.0,1.176133749687679,0.0,0.0,0.0,0.0,1.977239876353076,0.0,0.08443030256522568,1.2311116211255002,0.0,0.0,0.0,0.0,0.0,0.0,0.0,0.0,0.0,0.0,0.0,0.0,0.0
S147,past,18.203565932144357,24.83625342203581,0.0,0.0,0.0,2.3836834259112556,0.0,0.724529805734146,1.600248757922301,0.0,0.0,0.0,0.0,2.609485397888022,0.007853981633974483,0.7618362184955249,2.4740042147019623,0.0,0.0,0.0,0.0,0.0,0.0,0.0,0.0,0.0,0.0,0.0,0.0,0.0
S148,past,28.91050639466007,3.463605900582747,0.0,0.0,7.9737548538925935,0.007853981633974483,0.0,0.0,1.3057244466482578,0.0,0.0,0.0,0.0,3.5068027995696065,0.0,0.1983130362578557,0.2081305133003238,0.0,0.0,0.0,0.0,0.0,0.0,0.0,0.0,0.0,0.0,0.0,0.0,0.0
S149,past,5.362305960596078,0.031415926535897934,0.0,0.0,0.10406525665016189,0.0,0.0,0.0,0.28667032964006867,0.0,0.0,0.0,0.0,1.0858129608969722,0.007853981633974483,0.9306968236259763,0.4417864669110647,0.0,0.0,0.0,0.0,0.0,0.0,0.0,0.0,0.0,0.0,0.0,0.0,0.0
S150,past,0.9660397409788615,0.11977321991811087,0.0,0.0,0.0,0.0,0.0,0.017671458676442587,0.02356194490192345,0.0,0.0,0.0,0.0,0.0,0.0,0.7186393195086652,0.0,0.0,0.0,0.0,0.0,0.0,0.0,0.0,0.0,0.0,0.0,0.0,0.0,0.0
S151,past,8.574584448891642,8.005170780428491,0.0,0.0,0.0,0.0,0.0,0.0,0.0,0.0,0.0,0.0,0.0,0.017671458676442587,0.0,0.0,0.0,0.0,0.0,0.0,0.0,0.0,0.0,0.0,0.0,0.0,0.0,0.0,0.0,0.0
S152,past,6.283185307179586,0.007853981633974483,0.0,0.0,6.033821390300897,0.0,0.0,0.0,0.0,0.0,0.0,0.0,0.0,0.5949391087735671,0.0,0.12959069696057895,0.39269908169872414,0.0,0.0,0.0,0.5949391087735671,0.0,0.0,0.0,0.0,0.0,0.0,0.0,0.0,0.0
S153,past,5.919938656608267,0.0,0.0,0.0,14.23534171157875,0.0,0.0,0.0,0.0,0.0,0.0,0.0,0.0,0.0667588438887831,0.0,0.0,0.035342917352885174,0.0,0.0,0.0,5.403539364174445,0.0,0.0,0.0,0.0,0.0,0.0,0.0,0.0,0.0
S154,past,0.8030696220738909,0.0,0.0,0.0,11.294025589655305,0.0,0.0,0.0,0.0,0.0,0.0,0.0,0.0,0.40644354955817946,0.0,0.0,2.04988920646734,0.0,0.0,0.0,0.9248063374004953,0.0,0.0,0.0,0.0,0.0,0.0,0.0,0.0,0.0
S155,past,0.0,0.0,0.0,0.0,0.007853981633974483,0.0,0.0,0.0,0.0,0.0,0.0,0.0,0.0,0.0,0.0,0.0,0.0,0.0,0.0,0.0,0.0,0.0,0.0,0.0,0.0,0.0,0.0,0.0,0.0,0.0
S156,past,0.0,0.0,0.0,0.0,0.19634954084936207,0.0,0.0,0.0,0.0,0.0,0.0,0.0,0.0,0.0,0.0,0.0,0.0,0.0,0.0,0.0,0.4044800541496859,0.0,0.0,0.0,0.0,0.0,0.0,0.0,0.0,0.0
S157,past,0.0,0.0,0.0,0.0,6.536476214875264,0.0,0.0,0.0,0.0,0.0,0.0,0.0,0.0,0.0,0.0,0.5772676500971246,0.0,0.0,0.0,0.0,13.0199380537212,0.0,0.0,0.0,0.0,0.0,0.0,0.0,0.0,0.0
S159,past,0.0,0.0,0.0,10.149307766503526,0.0,0.0,0.0,0.0,0.0,0.0,0.0,0.0,0.0,0.0,0.0,0.0,0.0,0.0,0.0,0.0,0.0,0.0,0.0,0.0,0.0,0.0,0.0,0.0,0.0,0.0
S160,past,6.359761628110838,0.3671736413883071,0.0,0.0,5.2660946855798905,0.0,0.0,0.0,0.0,0.0,0.0,0.0,0.0,2.6840982234107797,0.0,1.3332133823671686,1.36659280431156,0.0,0.0,0.0,0.0,0.0,0.0,0.0,0.0,0.0,0.0,0.0,0.0,0.0
S161,past,19.475910956848224,4.987278337573796,0.0,0.0,9.026188392845174,0.0,0.0,0.0,0.0,0.0,0.0,0.0,0.0,0.7579092276785376,0.0,0.09621127501618741,3.57356164345839,0.0,0.0,0.0,1.3332133823671686,0.0,0.0,0.0,0.0,0.0,0.0,0.0,0.0,0.0
S162,past,13.504921419619123,8.032659716147402,0.0,0.0,19.295269379266813,0.0,0.0,0.0,0.0471238898038469,0.0,0.0,0.0,0.0,1.723948968657399,0.0,0.0471238898038469,0.0,0.0,0.0,0.0,0.0,0.0,0.0,0.0,0.0,0.0,0.0,0.0,0.0,0.0
S163,past,4.818417732443345,0.0,0.0,0.0,5.627377840742717,0.0,0.0,0.0,0.0,0.0,0.0,0.0,0.0,0.40251655874119224,0.0,0.2631083847381452,0.0,0.0,0.0,0.0,0.0,0.0,0.0,0.0,0.0,0.0,0.0,0.0,0.0,0.0
S164,past,0.0,0.0,0.0,0.0,20.057105597762337,0.0,0.0,0.0,0.0,0.0,0.0,0.0,0.0,0.0,0.0,0.0,0.007853981633974483,0.0,0.0,0.0,0.0,0.0,0.0,0.0,0.0,0.0,0.0,0.0,0.0,0.0
S165,past,16.351989761934874,0.0,0.0,0.38484510006474965,0.0,0.0,0.0,0.0,0.0,0.0,0.0,0.0,0.0,0.0,0.0,0.11191923828413639,0.0,0.0,0.0,0.0,0.0,0.0,0.0,0.0,0.0,0.0,0.0,0.0,0.0,0.0
S166,past,0.0,0.0,0.0,0.37306412761378793,0.0,0.0,0.0,0.0,0.0,0.0,0.0,0.0,0.0,0.0,0.0,0.0,0.0,0.0,0.031415926535897934,0.0,0.0,0.0,0.0,0.0,0.0,0.0,0.0,0.0,0.0,0.0
S167,past,0.0,0.0,0.0,4.616177705368503,0.0,0.0,0.0,0.0,0.0,0.0,0.0,0.0,0.0,0.0,0.0,0.0,0.0,0.0,0.015707963267948967,0.0,0.0,0.0,0.0,0.0,0.0,0.0,0.0,0.0,0.0,0.0
S168,past,0.0,0.0,0.0,3.7679476888992585,0.0,0.0,0.0,0.0,0.0,0.0,0.0,0.0,0.0,0.0,0.0,0.0,0.0,0.0,1.315541923690726,0.0,0.0,0.0,0.0,0.0,0.0,0.0,0.0,0.0,0.0,0.0
S169,past,0.0,0.0,0.0,0.8285950623843079,0.0,0.0,0.0,0.0,0.0,0.0,0.0,0.0,0.0,0.0,0.0,0.0,0.0,0.0,2.153954463117502,0.0,0.0,0.0,0.0,0.0,0.0,0.0,0.0,0.0,0.0,0.0
S170,past,0.0,2.986476516318797,0.0,2.3012166187545233,0.0,0.0,0.0,0.0,0.0,0.0,0.0,0.0,0.0,0.0,0.0,0.0,0.0,0.0,0.42215151282612845,0.0,0.0,0.0,0.0,0.0,0.0,0.0,0.0,0.0,0.0,0.0
S171,past,6.463826884761,7.001824626688252,0.0,0.0,0.0,0.45749443017901364,0.0,1.875138115111408,0.3063052837250049,0.08246680715673207,0.0,0.05890486225480862,0.0,0.017671458676442587,0.0,0.0,0.5576326960121883,0.4162610266006476,0.0,0.0,0.0,0.0,0.0,0.0,0.0,0.0,0.0,0.0,0.0,0.0
S172,past,0.0,0.0,0.0,0.0,0.0,0.0,0.0,0.0,0.0,0.0,0.0,0.0,0.0,0.0,0.0,0.0,0.0,0.0,0.0,0.0,0.7127488332831844,0.0,0.0,0.0,0.0,0.0,0.0,0.0,0.0,0.0
S173,past,3.522510762837556,2.6428648198324134,0.0,0.0,1.8280142253075609,0.0,0.0,0.0,0.3121957699504857,0.0,0.0,0.0,0.0,1.4902930150466582,0.0,0.0,0.610647072041516,0.0,0.0,0.0,0.0,0.0,0.0,0.0,0.0,0.0,0.0,0.0,0.0,0.0
S174,past,0.04908738521234052,5.837471849451534,0.0,0.0,0.0,0.0,0.0,0.0,0.3121957699504857,0.0,0.0,0.0,0.0,0.6852598975642736,0.0,0.0,0.14922565104551516,0.0,0.0,0.0,0.0,0.0,0.0,0.0,0.0,0.0,0.0,0.0,0.0,0.0
S175,past,7.162831250184729,3.612831551628262,0.0,0.0,1.9124445278727866,0.017671458676442587,0.0,0.0,0.5517422097867075,0.0,0.0,0.0,0.0,0.8600109889202059,0.0,0.5615596868291755,0.1040652566501619,0.0,0.0,0.0,0.0,0.0,0.0,0.0,0.0,0.0,0.0,0.0,0.0,0.0
S176,past,14.24515918862122,13.968306336023618,0.0,0.0,3.1337386719558187,0.0,0.0,0.0,0.2081305133003238,0.0,0.0,0.0,0.0,0.3887720908817369,0.0,0.0,1.667007601811084,0.0,0.0,0.0,0.0,0.0,0.0,0.0,0.0,0.0,0.0,0.0,0.0,0.0
S177,past,3.9623337343401266,2.4818581963359367,0.0,0.0,0.07068583470577035,0.007853981633974483,0.0,0.0,0.5262167694762904,0.0,0.0,0.0,0.0,0.31808625617596653,0.0,0.0,0.09228428419920018,0.3279037332184347,0.0,0.0,0.0,0.0,0.0,0.0,0.0,0.0,0.0,0.0,0.0,0.0
S178,past,2.1166480503561234,9.395325529641976,0.0,0.0,2.0636336743267956,0.0,0.0,0.0,0.06872233929727672,2.1657354355684637,0.0,0.0,0.0,0.23758294442772812,0.0,0.12566370614359174,0.3652101459798135,0.0,0.0,0.0,0.0,0.0,0.0,0.0,0.0,0.0,0.0,0.0,0.0,0.0
S179,past,5.185591373831652,7.031277057815656,0.0,0.0,0.0,0.0,0.0,0.0,4.199916678767855,0.0,0.0,0.0,0.0,2.84706834231575,0.0,0.0,0.5517422097867074,0.0,0.0,0.0,0.0,0.0,0.0,0.0,0.0,0.0,0.0,0.0,0.0,0.0
S181,past,3.0414543877566187,0.0,0.0,0.0,2.6016314162540475,0.0,0.0,0.0,0.0,0.0,0.0,0.0,0.0,3.9387717894382033,0.0,0.0,0.0,0.0,0.0,0.0,0.7912886496229292,0.0,0.0,0.0,0.0,0.0,0.0,0.0,0.0,0.0
S182,past,0.15904312808798327,0.0,0.0,0.0,6.114324702049135,0.0,0.0,0.0,0.0,0.0,0.0,0.0,0.0,0.11977321991811087,0.0,0.0,0.22776546738526002,0.0,0.0,0.0,3.4027375429194446,0.0,0.0,0.0,0.0,0.0,0.0,0.0,0.0,0.0
S183,past,0.0,0.0,0.0,0.0,0.017671458676442587,0.0,0.0,0.0,0.0,0.0,0.0,0.0,0.0,0.0,0.0,0.0,0.0,0.0,0.0,0.0,11.947869560683682,0.0,0.0,0.0,0.0,0.0,0.0,0.0,0.0,0.0
S184,past,0.9444412914854315,0.0,0.0,0.0,3.2731468459588657,0.0,0.0,0.0,0.0,0.0,0.0,0.0,0.0,1.8103427666311185,0.0,0.0,0.0,0.0,0.0,0.0,8.800386420868408,0.0,0.0,0.0,0.0,0.0,0.0,0.0,0.0,0.0
S185,past,7.123561342014856,0.0,0.0,0.0,4.203843669584842,0.0,0.0,0.0,0.0,0.0,0.0,0.0,0.0,1.1054479149819085,0.0,0.43785947609407744,0.07264933011426397,0.0,0.0,0.0,0.19242255003237485,0.0,0.0,0.0,0.0,0.0,0.0,0.0,0.0,0.0
S186,past,10.007936097091985,0.0,0.0,0.0,3.049308369390593,0.0,0.0,0.0,0.0,0.0,0.0,0.0,0.0,1.0112001353742146,0.0,0.0,0.6970408700152353,0.0,0.0,0.0,2.169662426385451,0.0,0.0,0.0,0.0,0.0,0.0,0.0,0.0,0.0
S187,past,12.650800916924398,2.444551783574558,0.0,0.0,13.349805282348127,0.0,0.0,0.0,0.0,0.0,0.0,0.0,0.0,1.869247628885927,0.0,0.0,4.084070449666731,0.0,0.0,0.0,0.0,0.0,0.0,0.0,0.0,0.0,0.0,0.0,0.0,0.0
S188,past,1.3685562997200535,0.0,0.0,0.0,5.505641125416113,0.0,0.0,0.0,0.0,0.0,0.0,0.0,0.0,0.8030696220738909,0.0,0.0,0.1511891464540088,0.0,0.0,0.0,0.2709623663721197,0.0,0.0,0.0,0.0,0.0,0.0,0.0,0.0,0.0
S189,past,8.794495934642928,0.0,0.0,0.0,5.796238445873168,0.0,0.0,0.0,0.0,0.0,0.0,0.0,0.0,2.464186737659494,0.0,0.14529866022852794,0.3868085954732433,0.0,0.0,0.0,0.25918139392115797,0.0,0.0,0.0,0.0,0.0,0.0,0.0,0.0,0.0
S190,past,0.0,0.0,0.0,0.0,1.3548118318605984,0.0,0.0,0.0,0.0,0.0,0.0,0.0,0.0,0.3180862561759666,0.0,0.0,0.14333516482003433,0.0,0.0,0.0,3.2770738367758527,0.0,0.0,0.0,0.0,0.0,0.0,0.0,0.0,0.0
S191,past,3.4537884235402787,0.0,0.0,0.0,5.919938656608267,0.0,0.0,0.0,0.09621127501618743,0.0,0.0,0.0,0.0,0.999419162923253,0.0,0.07068583470577035,0.4908738521234052,0.0,0.0,0.0,4.443390109421064,0.0,0.0,0.0,0.0,0.0,0.0,0.0,0.0,0.0
S192,past,2.2540927289506767,0.7618362184955249,0.0,0.0,2.2796181692610937,0.0,0.0,0.0,0.08050331174823845,0.0,0.0,0.0,0.0,0.9856746950637976,0.0,0.0,0.41822452200914123,0.0,0.0,0.0,0.0,0.0,0.0,0.0,0.0,0.0,0.0,0.0,0.0,0.0
S193,past,1.8221237390820801,0.0,0.0,0.0,5.063854658505048,0.0,0.0,0.0,0.05890486225480862,0.0,0.0,0.0,0.0,0.47909287967244346,0.0,0.0,0.9581857593448869,0.0,0.0,0.0,0.0,0.0,0.0,0.0,0.0,0.0,0.0,0.0,0.0,0.0
S194,past,0.017671458676442587,0.0,0.0,0.0,3.7600937072652836,0.0,0.0,0.0,0.07068583470577035,0.0,0.0,0.0,0.0,0.4241150082346221,0.0,0.0,0.25132741228718347,0.0,0.0,0.0,1.4431691252428112,0.0,0.0,0.0,0.0,0.0,0.0,0.0,0.0,0.0
S195,past,5.976880023454582,0.5203262832508095,0.0,0.0,0.0,0.1394081740030471,0.0,0.015707963267948967,0.11388273369263001,0.0,0.0,0.0,0.0,0.0,0.0,0.0,0.21402099952580467,0.3180862561759666,0.0,0.0,0.0,0.0,0.0,0.0,0.0,0.0,0.0,0.0,0.0,0.0
S196,past,3.6972618541934876,2.0106192982974678,0.0,0.0,0.2827433388230814,1.9360064727747102,0.0,0.5615596868291756,0.9954921721062657,0.0,0.0,0.0,0.0,0.1590431280879833,2.0655971697352893,0.031415926535897934,0.3279037332184347,0.5321072557017712,0.0,0.0,0.0,0.0,0.0,0.0,0.0,0.0,0.0,0.0,0.0,0.0
S197,past,7.282604470102839,1.8908460783793568,0.0,0.0,0.0,0.017671458676442587,0.0,0.47516588885545624,0.2886338250485623,0.0,0.0,0.0,0.0,1.3233959053247004,0.0,0.12762720155208535,0.642062998577414,0.0,0.0,0.0,0.0,0.0,0.0,0.0,0.0,0.0,0.0,0.0,0.0,0.0
S198,past,4.172427743048944,0.36324665057131983,0.0,0.0,0.0,0.031415926535897934,0.0,0.5988660995905544,0.2081305133003238,0.0,0.0,0.007853981633974483,0.0,0.031415926535897934,0.007853981633974483,0.0,0.04319689898685966,0.3632466505713199,0.0,0.0,0.0,0.0,0.0,0.0,0.0,0.0,0.0,0.0,0.0,0.0
S199,past,12.650800916924398,1.3312498869586749,0.02552544031041707,0.0,0.0,0.015707963267948967,0.0,1.4058627124814325,0.6558074664368694,0.04908738521234052,0.0,0.0,0.0,0.0,0.3220132469929538,0.10210176124166828,0.0,0.1492256510455152,0.0,0.0,0.0,0.0,0.0,0.0,0.0,0.0,0.0,0.0,0.0,0.0
S200,past,7.019496085364694,0.07068583470577035,0.02552544031041707,0.667588438887831,0.0,0.0746128255227576,0.0,0.771653695537993,0.3141592653589793,0.0,0.9287333282174827,0.0,0.0,0.0,0.3769911184307752,1.4117531987069134,0.0,0.08835729338221293,0.0,0.0,0.0,0.0667588438887831,0.0,0.0,0.0,0.0,0.0,0.0,0.0,0.0
S201,past,4.496404485450391,5.413356841216912,0.0,0.0,0.0,0.3612831551628262,0.0,1.4765485471872029,0.3141592653589793,0.0,0.0,0.04908738521234052,0.0,0.41233403578366035,0.0,0.0,0.08639379797371932,0.9306968236259763,0.0,0.0,0.0,0.0,0.0,0.0,0.0,0.0,0.0,0.0,0.0,0.0
S202,past,15.26028631481242,0.9954921721062657,0.0,0.0,0.0,0.06479534848028949,0.0,0.11388273369263001,0.7952156404399164,2.615375884113503,0.007853981633974483,0.0,0.0,0.0,0.007853981633974483,0.13744467859455345,0.08246680715673207,0.007853981633974483,0.0,0.0,0.0,0.0,0.0,0.0,0.0,0.0,0.0,0.0,0.0,0.0
S203,past,7.637997139040184,1.6768250788535521,0.0,0.0,0.0,0.3593196597543326,0.0,0.3102322745419921,0.5478152189697202,1.7200219778404118,0.0,0.0,0.0,0.0,1.325359400733194,0.0,0.04908738521234052,0.300414797499524,0.0,0.0,0.0,0.0,0.0,0.0,0.0,0.0,0.0,0.0,0.0,0.0
S204,past,6.620906517440489,2.112721059539136,0.2650718801466388,0.9189158511750144,0.0,0.22972896279375363,0.0,1.1506083093772619,0.3121957699504857,0.0,0.9032078879070655,0.1413716694115407,0.0,0.0,0.18456856839840036,1.1034844195734148,0.0,0.02552544031041707,0.0,0.0,0.0,0.14333516482003433,0.0,0.0,0.0,0.0,0.0,0.0,0.0,0.0
S205,past,10.85616611356123,2.3993913891792045,0.0,0.0,0.0,0.15511613727099605,0.0,1.081885970079985,1.3744467859455345,0.0,0.0,0.007853981633974483,0.0,0.0,5.749114556069322,4.30005494460103,0.2631083847381452,0.3259402378099411,0.0,0.0,0.0,0.0,0.0,0.0,0.0,0.0,0.0,0.0,0.0,0.0
S206,past,1.5511613727099605,0.0,1.1780972450961724,0.0,0.0,0.2532909076956771,0.0,0.9542587685278997,0.7029313562407162,0.0,1.403899217072939,0.10013826583317466,0.0,0.11780972450961724,0.0,2.0439987202418592,0.0,0.02356194490192345,0.0,0.0,0.0,0.0,0.0,0.0,0.0,0.0,0.0,0.0,0.0,0.0
S207,past,0.0,0.0,0.8384125394267761,0.0,0.0,0.0,0.007853981633974483,0.08050331174823845,0.0,0.0,0.0,0.0,17.698947612161497,0.0,0.0,0.0,0.0,3.169081589308704,1.056360529769568,0.0,0.0,0.0,0.0,0.0,0.0,0.0,0.0,0.0,0.0,0.0
S208,past,0.0,0.0,0.0,0.8560839981032187,0.0,0.015707963267948967,0.031415926535897934,0.007853981633974483,0.0,0.0,1.030835089459151,0.0,4.790928796724435,0.0,0.0,0.0,0.0,1.8771016105199017,10.95434088398591,0.0,0.0,1.5334899140335179,0.0,0.0,0.0,0.0,0.0,0.0,0.0,0.0
S209,past,0.0,0.0,0.0,0.0,0.0,0.0,0.0,0.0,0.0,0.0,0.0,0.0,11.032880700325656,0.0,0.007853981633974483,0.0,0.0,8.431249284071608,0.0,0.0,0.0,4.351105825221864,0.0,0.0,0.0,0.0,0.0,0.0,0.0,0.0
S210,past,0.0,0.0,7.928594459497241,2.4995296550123793,0.0,1.2154036578575513,0.21205750411731106,0.1413716694115407,0.0,0.0,0.5301437602932776,1.7651823722357651,0.039269908169872414,0.0,0.0,0.0,0.0,0.0471238898038469,0.0,0.0,0.0,0.5222897786593031,0.0,0.0,0.0,0.0,0.0,0.0,0.0,0.0
S211,past,0.0,2.7155141499466775,6.330309196983434,4.089960935892212,0.0,0.44964044854503915,0.0,1.2507465752104365,0.03337942194439156,0.0,2.415099352447154,2.1892973804703875,0.0,0.0,0.053014376029327764,0.0,0.0,0.24543692606170261,0.0,0.0,0.0,0.19634954084936207,0.0,0.0,0.0,0.0,0.0,0.0,0.0,0.0
S212,past,0.0,0.0,2.760674544342031,0.36324665057131983,0.0,0.039269908169872414,0.02356194490192345,0.007853981633974483,0.015707963267948967,0.0,0.20420352248333656,0.02356194490192345,0.0,0.0,0.0,0.0,0.0,0.007853981633974483,0.031415926535897934,0.0,0.0,0.0746128255227576,0.0,0.0,0.0,0.0,0.0,0.0,0.0,0.0
S213,past,0.0,0.0,29.37585480647306,0.869828465962674,0.0,0.13744467859455345,0.19438604544086846,0.2650718801466388,0.0,0.0,1.4824390334126838,0.6067200812245288,0.07657632093125122,0.0,0.0,0.0,0.0,0.04123340357836604,0.0,0.0,0.0,0.29648780668253677,0.0,0.0,0.0,0.0,0.0,0.0,0.0,0.0
S214,past,0.0,0.0,12.801990063378408,0.35539266893734534,0.0,0.7441647598190823,0.14726215563702155,0.0844303025652257,0.0,0.0,0.24347343065320898,1.3116149328737388,0.04123340357836604,0.0,0.0,0.0,0.0,0.24936391687868986,0.45749443017901364,0.0,0.0,0.21991148575128555,0.0,0.0,0.0,0.0,0.0,0.0,0.0,0.0
S215,past,0.0,0.0,8.896597695884596,3.754203221039803,0.0,0.9699667317958487,0.0,0.1413716694115407,0.0,0.0,0.22580197197676638,3.3222342311712065,0.26899887096362607,0.0,1.7651823722357651,0.0,0.0,0.0,5.297510612115789,0.0,0.0,1.818196748265093,0.0,0.0,0.0,0.0,0.0,0.0,0.0,0.0
S216,past,0.0,0.7480917506360696,2.760674544342031,9.216647447469056,0.0,0.43589598068558383,0.039269908169872414,0.4025165587411923,0.9837111996553041,0.0,0.3809181092477624,0.06283185307179587,0.015707963267948967,0.0,2.340486526924396,0.0,0.0,1.7749998492782333,0.2297289627937536,0.0,0.0,0.9522952731194061,0.0,0.0,0.0,0.0,0.0,0.0,0.0,0.0
S217,past,0.0,0.0,1.360702318086079,0.0,0.0,0.04908738521234052,2.197151362104362,0.11977321991811088,0.0,0.0,0.0,5.815873399958105,0.0,0.0,0.0,0.0,0.0,0.5340707511102649,1.1506083093772617,0.0,0.0,0.06479534848028949,0.0,0.0,0.0,0.0,0.0,0.0,0.0,0.0
S218,past,0.0,0.0,39.531053059202065,0.0,0.0,2.8863382504856228,5.057964172279567,1.527599427808037,0.23561944901923448,0.0,1.6846790604875266,1.4470961160597986,0.3377212102609028,0.0,0.0667588438887831,0.0,0.0,0.8050331174823846,0.0,0.0,0.0,0.20616701789183017,0.0,0.0,0.0,0.0,0.0,0.0,0.0,0.0
S219,past,0.0,0.0667588438887831,5.564545987670921,0.0,0.0,1.4844025288211773,1.398008730847458,1.900663555421825,0.22972896279375365,0.0,0.2729258617806133,1.2821625017463343,0.0,0.3082687791334985,0.0,0.0,0.0,0.3475386873033709,0.0,0.0,0.0,0.0,0.0,0.0,0.0,0.0,0.0,0.0,0.0,0.0
S220,past,0.0,0.017671458676442587,22.864904031908214,0.2297289627937536,0.0,0.7932521450314228,1.9595684176766335,0.7029313562407162,0.08246680715673207,0.0,0.9169523557665209,0.5713771638716436,0.0,0.0,0.017671458676442587,0.0,0.0,0.5203262832508095,0.0,0.0,0.0,0.0,0.0,0.0,0.0,0.0,0.0,0.0,0.0,0.0
S221,past,0.0,0.0,14.042919161546376,0.07068583470577035,0.0,0.1884955592153876,0.26703537555513246,0.031415926535897934,0.0,0.0,0.007853981633974483,0.18260507298990675,0.0,0.0,0.0,0.0,0.0,0.10210176124166828,0.0,0.0,0.0,0.7696902001294994,0.0,0.0,0.0,0.0,0.0,0.0,0.0,0.0
S222,past,0.0,0.0,12.448560889849556,3.5558901847819473,0.0,5.334817024877168,0.0,0.6283185307179586,1.4254976665663688,0.0,0.7323837873681206,5.507604620824607,0.0,0.0,0.3514656781203581,0.0,0.0,0.8914269154561039,0.09817477042468103,0.0,0.0,1.7121679962064373,0.0,0.0,0.0,0.0,0.0,0.0,0.0,0.0
S223,past,0.0,0.0,0.0,13.697343969651499,0.0,0.0,0.0,0.007853981633974483,0.0,0.0,0.3141592653589793,0.0,0.0,0.0,0.0,0.0,0.0,0.0,0.15904312808798327,0.0,0.0,0.0,0.0,0.0,0.0,0.0,0.0,0.0,0.0,0.0
S224,past,0.0,0.0,18.63160793119597,3.4243359924128747,0.0,3.2868913138183213,0.28667032964006867,0.2945243112740431,0.02552544031041707,0.0,0.2356194490192345,2.6271568565644645,0.007853981633974483,0.0,0.0,0.0,0.0,0.12566370614359174,0.0,0.0,0.0,0.5537057051952011,0.0,0.0,0.0,0.0,0.0,0.0,0.0,0.0
S225,past,0.45945792558750725,1.284125997154828,20.977984944345845,12.747012191940586,0.0,3.2711833505503725,0.007853981633974483,2.935425635697963,0.007853981633974483,0.0,4.449280595646544,2.454369260617026,0.0,0.031415926535897934,0.0,0.0,0.0,0.08050331174823845,0.0,0.0,0.0,0.9778207134298231,0.0,0.0,0.0,0.0,0.0,0.0,0.0,0.0
S226,past,0.017671458676442587,0.5203262832508095,9.579894098040375,3.3006357816777765,0.0,0.5144357970253286,3.4007740475109514,0.8894634200476103,0.8541205026947251,0.0,0.46731190722148175,0.7029313562407162,0.1590431280879833,0.0,0.0,0.0,0.0,0.21991148575128555,1.3489213456351175,0.0,0.0,0.0,0.0,0.0,0.0,0.0,0.0,0.0,0.0,0.0
S227,past,0.0,0.0,4.239186586937727,4.4630250635060005,0.0,4.439463118604077,0.07068583470577035,0.22776546738526002,0.007853981633974483,0.0,0.21991148575128552,3.1612276076747294,0.0,0.0,0.0,0.0,0.0,0.06283185307179587,0.0,0.0,0.0,0.1610066234964769,0.0,0.0,0.0,0.0,0.0,0.0,0.0,0.0
S228,past,0.0,3.0453813785736057,16.342172284892406,9.177377539299183,0.0,1.625774198232718,0.0,3.8916478996343566,0.13744467859455345,0.0,2.2442752519082085,1.3685562997200538,0.0,0.0,0.0,0.0,0.0,0.07068583470577035,0.5654866776461628,0.0,0.0,0.25918139392115797,0.0,0.0,0.0,0.0,0.0,0.0,0.0,0.0
S229,past,0.0,0.12762720155208535,4.688827035482767,3.1671180939002106,0.0,2.0577431881013144,0.0,0.26703537555513246,0.1040652566501619,0.0,1.154535300194249,1.7180584824319183,0.08835729338221293,0.0,0.0,0.0,0.0,1.0229811078251765,0.0,0.0,0.0,0.0,0.0,0.0,0.0,0.0,0.0,0.0,0.0,0.0
S230,past,0.0,0.07068583470577035,4.5592363385221875,1.0485065481355935,0.0,2.1873338850618937,5.0599276676880605,6.190901022980387,0.25918139392115797,0.0,5.266094685579891,1.372483290537041,0.44571345772805193,0.33772121026090274,0.0,0.0,0.0,1.1486448139687682,1.5354534094420114,0.0,0.0,0.2474004214701962,0.0,0.0,0.0,0.0,0.0,0.0,0.0,0.0
S231,past,0.0,0.0,12.030336367840414,13.039573007806135,0.0,1.7278759594743864,0.30434178831651126,0.6872233929727674,0.44571345772805193,0.0,3.0669798280670357,0.3868085954732433,0.9680032363873551,0.0,0.04123340357836604,0.0,0.0,0.1983130362578557,0.3318307240354219,0.0,0.0,1.3116149328737388,0.0,0.0,0.0,0.0,0.0,0.0,0.0,0.0
S232,past,0.0,0.0,14.838134801986293,5.8787052530299,0.0,0.13548118318605984,0.02356194490192345,0.2631083847381452,0.0,0.017671458676442587,3.369358120975053,0.1413716694115407,2.3935009029537238,0.0,0.007853981633974483,0.0,0.0,0.12173671532660449,0.25132741228718347,0.0,0.0,0.2905973204570559,0.0,0.0,0.0,0.0,0.0,0.0,0.0,0.0
S233,past,0.017671458676442587,0.5222897786593031,0.2748893571891069,3.1357021673643124,0.0,7.139269305282805,1.8142697574481057,0.39073558629023053,0.09621127501618743,0.0,0.08050331174823845,0.5262167694762904,0.0,0.0,1.4431691252428114,0.0,0.007853981633974483,1.2801990063378408,0.0,0.0,0.0,0.12173671532660449,0.0,0.0,0.0,0.0,0.0,0.0,0.0,0.0
S234,past,0.22187498115977916,0.031415926535897934,0.7539822368615504,9.401216015867456,0.0,2.5466535448162264,0.3887720908817369,0.3436116964863837,0.2886338250485623,0.0,0.23365595361074087,0.15511613727099605,0.0,0.559596191420682,1.920298509506761,0.0,0.04908738521234052,0.02552544031041707,0.0,0.0,0.0,0.0,0.0,0.0,0.0,0.0,0.0,0.0,0.0,0.0
S235,past,0.0,0.0,0.6872233929727672,5.389794896314989,0.0,0.48891035671491156,0.1963495408493621,0.0,0.15707963267948966,0.0,1.0838494654884787,0.02356194490192345,0.04319689898685966,0.0,1.1839877313216534,0.0,0.02552544031041707,0.06479534848028949,0.13744467859455345,0.0,0.0,0.0,0.0,0.0,0.0,0.0,0.0,0.0,0.0,0.0
S236,past,0.0,0.007853981633974483,1.6787885742620459,0.0667588438887831,0.0,1.1780972450961724,0.20420352248333656,0.0,0.017671458676442587,0.0,0.4319689898685966,0.1904590546238812,0.039269908169872414,0.0,0.0,0.0,0.0,0.0,0.0,0.0,0.0,0.05105088062083414,0.0,0.0,0.0,0.0,0.0,0.0,0.0,0.0
S237,past,0.0,0.0,6.548257187326225,0.0,0.0,0.4535674393620264,0.10995574287564278,0.0,0.007853981633974483,0.0,0.09817477042468103,0.41822452200914123,0.0,0.0,0.0,0.0,0.0,0.015707963267948967,0.0,0.0,0.0,0.0,0.0,0.0,0.0,0.0,0.0,0.0,0.0,0.0
S238,past,0.0,0.19634954084936207,1.2743085201123598,1.0661780068120361,0.0,8.967283530590366,3.7934731292096755,0.7264933011426398,3.661918936840603,0.0,3.899501881268331,0.0,0.0,0.07068583470577035,6.253732876052182,0.0,0.05890486225480862,0.6067200812245288,1.4412056298343177,0.0,0.0,0.0,0.0,0.0,0.0,0.0,0.0,0.0,0.0,0.0
S239,past,0.0,0.0,1.906554041647306,1.030835089459151,0.0,4.57690779719863,3.2967087908607895,0.1511891464540088,0.29648780668253677,0.0,1.3705197951285473,0.40055306333269863,0.0,0.0,0.3279037332184347,0.0,0.0,0.1806415775814131,0.12566370614359174,0.0,0.0,0.0,0.0,0.0,0.0,0.0,0.0,0.0,0.0,0.0
S240,past,0.031415926535897934,0.0,2.1559179585259955,10.72068493037517,0.0,2.9943304979527716,3.8543414868729777,0.13548118318605984,0.0,0.0,2.4622232422510004,3.7974001200266625,0.0,0.0,0.0,0.0,0.007853981633974483,0.039269908169872414,0.3671736413883071,0.10013826583317466,0.0,0.0,0.0,0.0,0.0,0.0,0.0,0.0,0.0,0.0
S241,past,1.2860894925633215,14.904893645875076,0.007853981633974483,0.6302820261264522,0.9699667317958487,0.2827433388230814,0.0,0.0942477796076938,0.2788163480060942,0.0,0.0,0.0,0.0,1.3764102813540282,2.1009400870881745,0.0,1.2487830798019428,0.3220132469929538,0.15904312808798327,0.0,0.0,0.0,0.0,0.0,0.0,0.0,0.0,0.0,0.0,0.0
S242,past,7.920740477863266,43.365759591990106,0.0,0.0,0.0,0.2532909076956771,0.0,0.3337942194439155,0.2552544031041707,0.0,0.0,0.0,0.0,0.5713771638716436,1.1564987956027426,0.0,0.2552544031041707,0.09621127501618743,0.0,0.0,0.0,0.0,0.0,0.0,0.0,0.0,0.0,0.0,0.0,0.0
S243,past,12.373948064326799,8.38412539426776,1.4922565104551517,0.0,0.0,7.109816874155401,0.031415926535897934,7.092145415478958,7.357217295625597,0.0,0.1806415775814131,0.08639379797371932,0.0,2.1146845549476296,8.225082266179777,0.0,4.408047192068179,2.8352873698647887,0.0,0.0,0.0,0.0,0.0,0.0,0.0,0.0,0.0,0.0,0.0,0.0
S244,past,0.13744467859455345,3.027709919897163,0.0,0.0,0.0,0.9071348787240529,3.1337386719558187,0.17278759594743864,1.0269080986421637,0.0,0.0,0.031415926535897934,0.0,0.8973174016815847,0.6440264939859076,0.0,0.43982297150257105,0.4437499623195583,0.0,0.0,0.0,0.0,0.0,0.0,0.0,0.0,0.0,0.0,0.0,0.0
S245,past,8.33503800905542,27.73829963578938,0.3200497515844602,0.0,0.0,24.410174918392695,0.0,6.130032665317084,6.91935781953152,0.0,0.039269908169872414,0.7323837873681205,0.0,2.7704920213844986,1.5256359323995432,0.0,4.223478623669778,3.008074965812227,0.0,0.0,0.0,0.0,0.0,0.0,0.0,0.0,0.0,0.0,0.0,0.0
S246,past,6.412776004140165,33.0554452019901,0.0,0.0,0.0,0.398589567924205,0.0,0.2631083847381452,1.900663555421825,0.0,0.0,0.0,0.0,4.201880174176348,9.21861094287755,0.0,5.315182070792232,1.4156801895239006,0.0,0.0,0.0,0.0,0.0,0.0,0.0,0.0,0.0,0.0,0.0,0.0
S247,past,18.274251766850128,33.479560210224726,0.0,0.0,0.0,1.4726215563702154,0.0,0.3966260725157114,0.9287333282174827,0.0,0.0,0.0,0.0,6.532549224058276,1.9065540416473057,0.0,3.7659841934907647,0.9542587685278997,0.0,0.0,0.0,0.0,0.0,0.0,0.0,0.0,0.0,0.0,0.0,0.0
S248,past,3.07483380970101,2.554507526450201,0.0,0.0,0.0,1.0858129608969722,0.0,0.19438604544086846,0.300414797499524,0.0,0.0,0.0,0.0,1.1486448139687682,0.6302820261264523,0.0,0.56941366846315,0.12173671532660449,0.0,0.0,0.0,0.0,0.0,0.0,0.0,0.0,0.0,0.0,0.0,0.0
S249,past,0.12762720155208535,26.26371458401067,0.0,2.407245370813179,0.0,0.2905973204570559,0.0,2.2305307840487534,0.0,0.0,0.08639379797371932,0.08246680715673207,0.0,0.0,0.017671458676442587,0.0,0.642062998577414,0.0,0.0,0.0,0.0,0.017671458676442587,0.0,0.0,0.0,0.0,0.0,0.0,0.0,0.0
S250,past,7.347399818583129,4.119413367019616,3.194607029619121,0.0,0.0,6.54040320569225,11.763300992285282,6.334236187800421,3.7875826429841943,0.0,2.817615911188346,1.1682797680537043,0.0,0.19634954084936207,0.699004365423729,0.007853981633974483,1.3901547492134836,0.9876381904722913,0.0,0.0,0.0,0.0,0.0,0.0,0.0,0.0,0.0,0.0,0.0,0.0
S251,past,0.0,36.77430550567702,2.4308073157151022,5.107051557491907,0.0,8.75326253106456,0.0,2.7881634800609416,0.6499169802113886,0.0,1.3233959053247004,5.701990666265475,0.0,0.039269908169872414,0.0,0.0,0.6499169802113884,0.43000549446010294,0.0,0.0,0.0,0.0,0.0,0.0,0.0,0.0,0.0,0.0,0.0,0.0
S252,past,0.0,0.46534841181298814,0.0,17.280723090152357,0.0,0.08050331174823845,0.0,0.07068583470577035,0.015707963267948967,0.0,0.0,0.007853981633974483,0.0,0.056941366846315004,0.0,0.0,0.015707963267948967,0.5969026041820608,0.0,0.0,0.0,0.04908738521234052,0.0,0.0,0.0,0.0,0.0,0.0,0.0,0.0
S253,past,0.0,0.40251655874119224,11.072150608495527,4.2941644583755485,0.0,1.59435827169682,12.159927064800993,3.25351189187393,1.50207398749762,0.0,3.3516866622986106,0.6400995031689204,0.2454369260617026,0.18653206380689397,4.675082567623311,0.5635231822376692,0.2572178985126643,0.5419247327442394,0.0,0.0,0.0,0.3789546138392688,0.0,0.0,0.0,0.0,0.0,0.0,0.0,0.0
S254,past,8.592255907568084,3.826852551154067,6.640541471525426,0.6224280444924778,0.0,0.7520187414530568,0.08835729338221293,3.000220984178253,1.0799224746714915,0.0,0.8227045761588271,0.357356164345839,0.017671458676442587,0.993528676697772,0.02552544031041707,0.20616701789183017,0.031415926535897934,0.3652101459798135,0.0,0.0,0.0,0.20027653166634932,0.0,0.0,0.0,0.0,0.0,0.0,0.0,0.0
S255,past,3.877903431774901,0.20813051330032378,11.77900895555323,0.5458517235612266,0.0,0.13744467859455345,7.427903130331368,2.263910205993145,0.5988660995905544,0.0,2.289435646303562,0.056941366846315004,0.0,0.04908738521234052,0.017671458676442587,2.489712177969911,0.02552544031041707,0.1786780821729195,0.0,0.0,0.0,0.0,0.0,0.0,0.0,0.0,0.0,0.0,0.0,0.0
S256,past,0.19242255003237485,1.2154036578575513,4.80467326458389,0.0,0.0,0.17475109135593225,8.849473806080749,2.438661297349077,1.1427543277432872,0.0,2.73318560862312,0.04908738521234052,0.626355035309465,0.0,1.3528483364521047,0.0,0.2925608158655495,0.4260785036431157,0.0,0.0,0.0,0.0,0.0,0.0,0.0,0.0,0.0,0.0,0.0,0.0
S257,past,5.001022805433252,8.941758090279949,3.6167585424452495,3.2633293689163976,0.0,10.416343142058658,2.2560562243591704,5.582217446347364,2.097013096271187,0.0,2.1048670779051615,0.9130253649495337,0.0,2.827433388230814,2.1853703896534,0.0,0.3023782929080176,1.144717823151781,0.0,0.0,0.0,0.0,0.0,0.0,0.0,0.0,0.0,0.0,0.0,0.0
S258,past,1.1172288874328702,1.831941216124548,2.6330473427899457,0.056941366846315,0.0,0.4162610266006476,3.7463492394058284,0.1884955592153876,0.039269908169872414,0.0,2.4111723616301663,0.007853981633974483,0.15315264186250244,0.0,2.8293968836393075,0.0,0.0,0.05497787143782139,0.0,0.0,0.0,0.0,0.0,0.0,0.0,0.0,0.0,0.0,0.0,0.0
S259,past,0.2454369260617026,14.331552986594938,2.153954463117502,0.0,0.0,4.39822971502571,0.43000549446010294,0.47516588885545624,0.0,0.0,0.13744467859455345,0.007853981633974483,0.0,0.0,0.3593196597543326,0.0,0.2081305133003238,0.4535674393620264,0.0,0.0,0.0,0.0,0.0,0.0,0.0,0.0,0.0,0.0,0.0,0.0
S260,past,5.130613502393831,4.999059310024759,5.468334712654734,1.5550883635269477,0.0,2.572178985126643,1.3528483364521047,10.453649554820037,1.1368638415178065,0.0,1.5570518589354414,0.23365595361074087,0.0,1.170243263462198,0.3396847056693964,0.0,0.0,1.6689710972195777,0.0,0.0,0.0,0.08050331174823845,0.0,0.0,0.0,0.0,0.0,0.0,0.0,0.0
S261,past,4.129230844062084,0.7893251542144355,11.164434892694727,0.0,0.0,0.16493361431346415,6.615016031215008,1.3135784282822323,0.5929756133650735,0.0,0.8305585577928016,1.087776456305466,0.0,0.15904312808798327,0.0,0.0,0.12566370614359174,0.12762720155208535,0.0,0.0,0.0,0.017671458676442587,0.0,0.0,0.0,0.0,0.0,0.0,0.0,0.0
S262,past,0.0,8.776824475966485,4.103705403751667,0.667588438887831,0.0,4.415901173702153,8.651160769822893,5.529203070318037,0.6616979526623502,0.0,2.0145462891144548,3.4027375429194446,0.04908738521234052,0.08835729338221293,0.0,0.0,0.0,1.4726215563702156,0.0,0.0,0.0,0.5379977419272521,0.0,0.0,0.0,0.0,0.0,0.0,0.0,0.0
S263,past,0.031415926535897934,0.9051713833155592,7.041094534858124,0.23758294442772812,0.0,0.8659014751456868,4.274529504290612,2.0734511513692637,0.730420291959627,0.0,1.8849555921538759,0.3357577148524092,0.0,0.007853981633974483,0.0,1.2939434741972962,0.49283734753189884,0.5733406592801373,0.0,0.0,0.0,0.0,0.0,0.0,0.0,0.0,0.0,0.0,0.0,0.0
S264,past,0.0,6.446155426084557,5.5743634647133895,0.017671458676442587,0.0,3.5441092123309854,12.309152715846508,4.702571503342222,0.5065818153913542,0.0,0.3691371367968007,0.5831581363226054,0.0,0.0,0.0,0.0,0.031415926535897934,0.18260507298990675,0.0,0.0,0.0,0.017671458676442587,0.0,0.0,0.0,0.0,0.0,0.0,0.0,0.0
S265,past,0.6518804756198822,5.688246198406019,4.869468613064179,0.7834346679889547,0.0,0.2748893571891069,0.0,0.2709623663721197,0.2159844949342983,0.0,1.6846790604875266,0.6361725123519332,0.02552544031041707,0.14333516482003433,0.21598449493429828,0.0,0.0,0.09621127501618743,0.0,0.0,0.0,0.48891035671491156,0.0,0.0,0.0,0.0,0.0,0.0,0.0,0.0
S266,past,1.5668693359779093,2.179479903427919,3.365431130158066,0.0,0.0,0.9797842088383169,7.39648720379547,2.821542902005333,1.3587388226775856,0.0,0.610647072041516,0.45749443017901364,0.007853981633974483,1.4588770885107603,0.18260507298990675,0.0,1.040652566501619,0.8266315669758144,0.0,0.0,0.0,0.19634954084936207,0.0,0.0,0.0,0.0,0.0,0.0,0.0,0.0
S267,past,5.156138942704248,4.307908926235004,4.402156705842698,0.04908738521234052,0.31808625617596653,1.8221237390820801,6.6267970036659705,2.495602664195392,1.9360064727747102,0.0,0.2984513020910304,0.017671458676442587,0.0,1.4038992170729387,6.746570223584081,0.19242255003237485,1.2625275476613982,0.7598727230870312,0.0,0.0,0.0,0.0,0.0,0.0,0.0,0.0,0.0,0.0,0.0,0.0
S268,past,1.7651823722357651,1.107411410390402,0.3514656781203581,0.0,0.0,2.236421270274234,1.3842642629880026,2.1834068942449063,1.0131636307827083,0.0,0.0,0.0,0.0,5.705917657082462,0.44964044854503915,0.0,1.7965982987716629,1.5629423451609221,0.0,0.0,0.0,0.0,0.0,0.0,0.0,0.0,0.0,0.0,0.0,0.0
S269,past,6.662139921018856,8.505862109594364,1.2801990063378408,1.6198837120072371,0.0,5.387831400906496,6.813329067472864,3.701188845010475,3.204424506661589,0.0,1.5413438956674923,0.08835729338221293,0.0,1.309651437465245,2.045962215650353,0.0,0.0,0.8600109889202059,0.12566370614359174,0.0,0.0,0.0,0.0,0.0,0.0,0.0,0.0,0.0,0.0,0.0
S270,past,45.55702046786899,7.306166415004763,7.329728359906686,0.8069966128908781,0.0,0.3711006322052943,0.48498336589792435,7.037167544041137,1.113301896615883,0.0,1.3940817400304708,0.3102322745419921,0.04908738521234052,0.015707963267948967,0.0,13.836752143654545,0.0,0.9954921721062657,0.0,0.0,0.0,0.031415926535897934,0.0,0.0,0.0,0.0,0.0,0.0,0.0,0.0
S271,past,0.0,9.589711575082845,0.1688606051304514,5.507604620824607,0.0,2.210895829963817,0.08443030256522568,10.628400646175969,5.961172060186633,0.0,1.506000978314607,0.7932521450314228,0.0667588438887831,0.10210176124166828,0.23758294442772812,0.0,0.0,2.3228150682479534,0.0,0.0,0.0,0.5969026041820606,0.0,0.0,0.0,0.0,0.0,0.0,0.0,0.0
S272,past,7.859872120199964,12.426962440356126,3.3418691852561424,6.799584599613409,0.0,3.131775176547325,13.864241079373457,2.8019079479203968,1.3508848410436112,0.0,1.8005252895886503,1.9850938579870507,0.1590431280879833,0.17475109135593225,0.056941366846315,1.1859512267301469,0.0,0.7186393195086652,0.4417864669110647,0.0,0.0,0.2572178985126643,0.0,0.0,0.0,0.0,0.0,0.0,0.0,0.0
S273,past,2.1303925182155785,7.997316798794517,0.007853981633974483,0.0,0.0,2.7920904708779286,5.067781649322035,5.3465979973281295,9.075275778057515,0.0,0.007853981633974483,0.0,0.017671458676442587,0.17278759594743864,4.574944301790136,2.040071729424872,2.7920904708779286,3.039490892348125,0.0,0.0,0.0,0.0,0.0,0.0,0.0,0.0,0.0,0.0,0.0,0.0
S274,past,10.147344271095031,64.15132198630357,0.5065818153913542,4.252931054797182,0.0,6.03578488570939,0.6970408700152354,8.433212779480101,12.964960182283379,0.14333516482003433,0.44571345772805193,0.14726215563702155,0.0,1.015127126191202,0.7068583470577035,1.7121679962064373,6.603235058764047,0.46534841181298814,0.0,0.0,0.0,0.0,0.0,0.0,0.0,0.0,0.0,0.0,0.0,0.0
S275,past,12.658654898558373,4.364850293081319,0.06283185307179587,0.19634954084936207,0.0,0.2552544031041707,8.892670705067609,2.64090132442392,0.8874999246391166,0.0,0.1590431280879833,0.06872233929727672,0.0,1.6532631339516288,0.46927540262997536,0.15904312808798327,1.3744467859455345,0.553705705195201,0.0,0.0,0.0,0.0,0.0,0.0,0.0,0.0,0.0,0.0,0.0,0.0
S276,past,48.997064423549816,25.120960256267384,0.09817477042468103,7.753843368141308,0.0,0.0,6.772095663894498,2.8824112596686353,2.2698006922186256,0.0,0.17671458676442586,0.22187498115977913,0.0,0.5969026041820606,0.7637997139040185,0.0,1.8476491793924972,0.2258019719767664,0.0,0.0,0.0,0.0,0.0,0.0,0.0,0.0,0.0,0.0,0.0,0.0
S277,past,0.7795076771719675,19.71742089209294,0.0,0.724529805734146,0.0,1.4942200058636455,0.0,1.356775327269092,1.0995574287564276,0.0,0.007853981633974483,0.0,0.0,2.318888077430966,0.0,0.0,4.684900044665779,0.0,0.0,0.0,0.0,0.0,0.0,0.0,0.0,0.0,0.0,0.0,0.0,0.0
S278,past,9.746791207762334,1.5511613727099602,1.7121679962064373,1.1015209241649213,0.0,3.7620572026737773,0.0,2.9530970943744057,2.0106192982974678,0.0,1.2801990063378408,0.22776546738526,0.0,0.3711006322052943,1.6964600329384882,6.866343443502192,0.0,1.1309733552923256,0.0,0.0,0.0,0.0,0.0,0.0,0.0,0.0,0.0,0.0,0.0,0.0
S279,past,15.295629232165306,6.426520471999621,2.98254952550181,0.23758294442772812,0.0,8.244717220264713,0.0,5.733406592801373,0.5949391087735671,0.0,1.0170906215996955,1.0426160619101126,0.031415926535897934,0.0,0.0,0.49872783375737967,1.030835089459151,1.2762720155208536,0.0,0.0,0.0,0.007853981633974483,0.0,0.0,0.0,0.0,0.0,0.0,0.0,0.0
S280,past,12.69007082509427,6.573782627636643,0.6440264939859076,2.150027472300515,0.0,1.009236639965721,14.486669123865934,2.3012166187545238,0.4025165587411923,0.0,0.3259402378099411,0.18260507298990675,0.0,0.47516588885545624,4.600469742100554,1.7455474181508288,0.20224002707484295,0.43000549446010294,0.0,0.0,0.0,0.0,0.0,0.0,0.0,0.0,0.0,0.0,0.0,0.0
S281,past,4.160646770597983,8.36252694477433,0.44571345772805193,0.0,0.0,1.1525718047857554,0.6145740628585032,3.298672286269283,2.2560562243591704,0.0,1.4176436849323943,0.6616979526623502,0.0,0.007853981633974483,0.039269908169872414,1.5727598222033903,0.02356194490192345,0.9522952731194061,0.0,0.0,0.0,0.20616701789183017,0.0,0.0,0.0,0.0,0.0,0.0,0.0,0.0
S282,past,45.203591294340136,10.469357518087985,0.48105637508093707,1.1820242359131599,0.0,3.241730919422968,7.141232800691299,11.2037048008646,0.284706834231575,0.0,3.5244742582460495,0.3161227607674729,0.0,0.5399612373357457,0.1806415775814131,7.115707360380881,1.9968748304380124,0.0,0.0,0.0,0.0,0.07853981633974483,0.0,0.0,0.0,0.0,0.0,0.0,0.0,0.0
S283,past,17.2669786222929,2.574142480535137,2.0989765916796808,0.0,0.0,2.6683902601428304,2.5348725723652645,3.6952983587849944,3.2103149928870702,0.0,0.6243915399009714,0.3396847056693964,0.0,0.13351768777756623,1.0131636307827083,4.097814917526186,1.3803372721710154,2.397427893770711,0.0,0.0,0.0,0.0,0.0,0.0,0.0,0.0,0.0,0.0,0.0,0.0
S284,past,35.50981446260713,2.4857851871529237,6.520768251607315,2.556471021858694,0.0,3.5185837720205684,1.5295629232165306,7.63014315740621,3.0277099198971635,0.0,3.339905689847649,2.3954643983622175,0.22187498115977913,1.2723450247038663,5.6941366846315,12.336641651565419,0.1413716694115407,2.0263272615654166,0.0,0.0,0.0,0.22383847656827277,0.0,0.0,0.0,0.0,0.0,0.0,0.0,0.0
S285,past,0.0,5.729479601984385,0.0,0.0,8.10727254167016,0.0,0.0,0.0,0.9208793465835081,0.0,0.0,0.0,0.0,0.9954921721062657,0.0,0.0,1.6179202165987436,0.007853981633974483,0.0,0.0,0.0,0.0,0.0,0.0,0.0,0.0,0.0,0.0,0.0,0.0
S286,past,0.0,0.5203262832508095,0.0,0.0,25.772840731887268,0.0,0.0,0.0,0.30434178831651126,0.0,0.0,0.0,0.0,1.398008730847458,0.0,0.0,12.19134299133689,0.0,0.0,0.0,0.0,0.0,0.0,0.0,0.0,0.0,0.0,0.0,0.0,0.0
S287,past,0.0,0.031415926535897934,0.0,0.0,7.441647598190823,0.0,0.0,0.017671458676442587,0.6538439710283758,0.0,0.0471238898038469,0.0,0.0,0.19831303625785568,1.1290098598838318,0.0,2.578069471352124,0.23954643983622176,0.0,0.0,0.0,0.0,0.0,0.0,0.0,0.0,0.0,0.0,0.0,0.0
S288,past,0.0,0.0,0.0,10.11396484915064,0.0,0.0,0.0,0.0,0.0,0.0,0.0,0.09817477042468103,0.14333516482003433,0.0,0.0,0.0,0.0,0.0,17.221818227897547,2.6998061866787286,0.0,0.3102322745419921,0.0,0.0,0.0,0.0,0.0,0.0,0.0,0.0
S289,past,0.755945732270044,1.164352777236717,4.225442119078272,0.031415926535897934,0.0,10.518444903300326,10.771735810996004,4.074252972624263,4.525856916577796,0.0,2.122538536581604,0.11191923828413639,0.0,1.144717823151781,4.98335134675681,0.0,0.0,1.1093749057988957,0.0,0.0,0.0,0.0,0.0,0.0,0.0,0.0,0.0,0.0,0.0,0.0
S290,past,0.007853981633974483,0.017671458676442587,15.458599351070276,2.7430030856655883,0.0,1.0661780068120361,6.78387663634546,2.589850443803086,3.7718746797162455,0.0,5.788384464239194,0.19242255003237485,2.128429022807085,0.673478925113312,2.350304003966864,0.0,0.0,0.7618362184955249,0.0,0.0,0.0,0.035342917352885174,0.0,0.0,0.0,0.0,0.0,0.0,0.0,0.0
S291,past,0.7323837873681205,0.14529866022852794,5.4644077218377465,1.0701049976290233,0.0,1.998838325846506,7.535895377798517,2.8019079479203968,1.875138115111408,0.0,4.50622196249286,1.0485065481355935,0.031415926535897934,0.0,0.015707963267948967,0.031415926535897934,0.0,0.68329640215578,0.0,0.0,0.0,0.056941366846315004,0.0,0.0,0.0,0.0,0.0,0.0,0.0,0.0
S292,past,0.0,7.612471698729768,22.696043426777763,0.0,0.0,0.49283734753189884,6.9507737460674175,2.9707685530508483,0.9817477042468105,0.0,0.8580474935117123,0.7618362184955249,0.0,0.15707963267948966,0.0,0.0,0.0,1.0661780068120361,0.0,0.0,0.0,0.2611448893296516,0.0,0.0,0.0,0.0,0.0,0.0,0.0,0.0
S293,past,0.0,0.8285950623843079,5.786420968830701,4.250967559388689,0.0,0.8325220532012952,0.39269908169872414,3.656028450615122,0.2081305133003238,0.0,1.7023505191639692,0.3553926689373454,0.0,0.05497787143782139,0.0,0.18260507298990675,0.0,0.5635231822376692,0.017671458676442587,0.0,0.0,0.07068583470577035,0.0,0.0,0.0,0.0,0.0,0.0,0.0,0.0
S294,past,0.0,0.6027930904075416,2.375829444277281,0.41233403578366035,0.0,2.199114857512855,3.889684404225863,6.037748381117884,0.8816094384136357,0.0,3.4675328913997343,0.3966260725157114,0.4162610266006476,1.3449943548181302,0.0,0.0,0.0,0.9032078879070656,0.5026548245743669,0.0,0.0,0.2748893571891069,0.0,0.0,0.0,0.0,0.0,0.0,0.0,0.0
360057,current,0.033289,0.0,0.0,0.0,0.0,0.0,0.0,0.0,0.0,0.0,0.0,0.0,0.0,0.0,0.0,0.0,0.0,0.0,0.0,0.0,0.0,0.0,0.027225,0.0,0.01265625,0.0,0.0,0.07488625,0.01836025,0.0
360077,current,0.0120425,0.0,0.0,0.0,0.0,0.0,0.0,0.0,0.0,0.0,0.0,0.0,0.0,0.010013125000000001,0.0,0.0,0.0,0.0,0.0,0.0,0.0,0.0,0.0,0.0,0.0,0.048328750000000004,0.0,0.0,0.015645625000000003,0.0
360188,current,0.0,0.0,0.0,0.0,0.0,0.0,0.0,0.0,0.0,0.07957550000000001,0.0,0.188880125,0.0,0.0,0.0,0.0,0.0,0.0,0.0,0.0,0.0,0.0,0.0,0.07041825,0.0,0.0,0.08260825,0.0,0.0,0.06048225
370107,current,0.0,0.0,0.0,0.0,0.0,0.0,0.0,0.0,0.0,0.0,0.0,0.020196874999999996,0.0,0.0,0.0,0.0,0.0,0.0,0.0,0.04850325000000001,0.0,0.0,0.0,0.40575262500000003,0.0,0.0,0.08239625,0.0,0.0,0.0819225
370118,current,0.0,0.0,0.0,0.03675325,0.0,0.0,0.0,0.0,0.0,0.0,0.0,0.0,0.0,0.0,0.0,0.0,0.0,0.0,0.0,0.77224025,0.0,0.0,0.0,0.062223875,0.0,0.0,0.0,0.0,0.0,0.188874375
380046,current,0.0,0.0,0.104759625,0.237655125,0.0,0.0,0.0,0.0,0.0,0.0,0.0,0.0,0.0,0.0,0.0,0.0,0.0,0.0,0.0,0.0,0.0,0.0,0.0,0.17014425,0.0,0.0,0.0,0.0,0.0,0.0
380068,current,0.0,0.0,0.069316875,1.072408625,0.0,0.0,0.0,0.0,0.0,0.047456625,0.0,0.0050625,0.0,0.0,0.0,0.0,0.0,0.0,0.0,0.0,0.0,0.0,0.0,0.0324,0.0,0.00361,0.008930249999999997,0.0,0.0,0.1785425
380091,current,0.064764625,0.3457785,0.0,0.0,0.0315145,0.0,0.0,0.0,0.0,0.0,0.0,0.163767875,0.0,0.2743625,0.01782225,0.0,0.0,0.0,0.0,0.0,0.0,0.0,0.0,0.0,0.08459325000000001,0.008372250000000001,0.0,0.0,0.0,0.0
380108,current,0.0,0.0,0.18213600000000002,0.22090125,0.0,0.0,0.0,0.0,0.0,0.630693375,0.0,0.0,0.0,0.0,0.0,0.321877625,0.0,0.0,0.0,0.0,0.0,0.0,0.0,0.017222500000000005,0.0,0.0,0.0,0.0,0.0,0.0
380211,current,0.0,0.0,0.0,0.0,0.0,0.0,0.0,0.0,0.0,0.0,0.0,0.0,0.0,0.0,0.0,0.0,0.0,0.0,0.0,0.0,0.0,0.0,0.0,0.0,0.013456000000000001,0.0,0.0,0.182846375,0.0,0.0
380279,current,0.192708,1.06391575,0.0,0.0,0.2342345,0.0,0.0,0.0,0.0,0.0,0.0,0.0,0.0,0.0,0.0,0.48800975,0.0,0.0,0.0,0.0,0.0,0.0,0.0,0.0,0.13940275000000002,0.0,0.0,0.011236,0.0,0.0
380280,current,0.12319949999999999,0.0,0.0,0.0,0.16410037500000002,0.0,0.0,0.0,0.0,0.0,0.0,0.0,0.0,0.13463625,0.0,0.0,0.0,0.0,0.0,0.0,0.0,0.0,0.0,0.0,0.0,0.087154625,0.0,0.0,0.0,0.0
380289,current,1.50071825,0.00874225,0.0,0.0,0.06614725,0.0,0.0,0.0,0.0,0.0,0.0,0.0,0.0,0.07135025,0.0,0.018705625,0.0,0.0,0.0,0.0,0.0,0.0,0.11868025000000003,0.0,0.04389025,0.0,0.0,0.0,0.0,0.0
380290,current,0.063563375,0.0,0.0,0.0,0.51787325,0.0,0.0,0.0,0.0,0.0,0.0,0.0,0.0,0.012320999999999999,0.0,0.0,0.0,0.0,0.0,0.0,0.0,0.0,0.4241045,0.0,0.0,0.052965,0.0,0.0,0.0,0.0
380297,current,0.0625,0.0,0.0,0.0,0.04515625,0.0,0.0,0.0,0.0,0.0,0.0,0.0,0.0,0.0,0.0,0.0,0.0,0.0,0.0,0.0,0.0,0.0,1.0112425,0.0,0.0,0.033310875000000004,0.0,0.0,0.0,0.0
380313,current,0.0,0.0,0.0,0.0,0.0,0.0,0.0,0.0,0.0,0.0,0.0,0.0,0.0,0.0,0.0,0.0,0.0,0.0,0.0,0.0,0.0,0.0,0.0,0.0,0.0,0.0,0.0,0.0,0.0,0.0
380343,current,0.0,0.0,0.0,0.0,0.0581585,0.0,0.0,0.0,0.0,0.0,0.0,0.0,0.0,0.0,0.0,0.0,0.0,0.0,0.0,0.0,0.0,0.0,0.0,0.0,0.0,0.102883125,0.0,0.0,0.0,0.0
380352,current,0.0,0.0,0.0,0.0,0.0,0.0,0.0,0.0,0.0,0.07490875,0.0,0.0,0.0,0.0,0.0,0.1007045,0.0,0.0,0.0,0.0,0.0,0.0,0.0,0.20213125,0.214899625,0.0561775,0.05895325,0.084516125,0.0,0.0
390010,current,0.0,0.0,0.0,0.0,0.0,0.0,0.0,0.0,0.0,0.0,0.0,0.0,0.0,0.16875275,0.230269,0.242857375,0.0,0.0,0.0,0.0,0.0,0.0,0.0,0.0,0.1779155,0.026085000000000004,0.008122500000000001,0.04296825,0.0,0.042092875
390011,current,0.0,0.0,0.010889999999999999,0.0,0.0,0.0,0.0,0.0,0.0,0.40954112499999995,0.0,0.0,0.0,0.0,0.0,0.208117,0.0,0.0,0.0,0.0,0.0,0.0,0.0,0.0,0.0,0.0,0.0,0.0,0.0,0.0
390032,current,0.0,0.0,0.02325625,0.2239715,0.0,0.0,0.0,0.0,0.0,0.02344225,0.0,0.03104275,0.0,0.0,0.0,0.654141,0.0,0.0,0.0,0.0,0.0,0.0,0.0,0.0,0.0,0.006890625,0.02918225,0.02457625,0.0,0.0
390043,current,0.0,0.0,0.268444125,0.0,0.0,0.0,0.0,0.0,0.0,0.0,0.0,0.007900625000000001,0.0,0.0,0.0,0.0,0.0,0.0,0.0,0.0,0.0,0.0,0.0,0.0,0.0,0.0,0.0,0.0,0.0,0.0
390044,current,0.0,0.0,0.15553175,0.015405625,0.0,0.0,0.0,0.0,0.0,0.0,0.0,0.0887225,0.0,0.0,0.0,0.122424375,0.0,0.0,0.0,0.0,0.0,0.0,0.0,0.100448875,0.260686625,0.0,0.035425625,0.0,0.0,0.0
390050,current,0.0,0.0,1.9237535,0.0,0.0,0.0,0.0,0.0,0.0,0.0,0.0,0.0,0.0,0.0,0.0,0.026082249999999994,0.0,0.0,0.0,0.0,0.0,0.0,0.0,0.0,0.0,0.0,0.0,0.0,0.0,0.0
390078,current,0.0,0.0,0.0,0.0,0.0,0.0,0.0,0.0,0.0,1.316472,0.0,0.0,0.0,0.0,0.0,0.8519095,0.0,0.0,0.0,0.0,0.0,0.0,0.0,0.0,0.0,0.0,0.0,0.0,0.0,0.0
390083,current,0.0,0.0,0.07471625,0.0,0.0,0.0,0.0,0.0,0.0,0.0,0.0,0.0,0.0,0.0,0.0,0.058812500000000004,0.0,0.0,0.0,0.9663381249999999,0.0,0.0,0.0,0.0,0.0,0.0,0.018632250000000003,0.0,0.0,0.01570625
390091,current,0.0,0.0,0.145355125,0.0,0.0,0.0,0.0,0.0,0.0,0.0,0.0,0.076890875,0.0,0.0,0.0,0.0,0.0,0.0,0.0,0.0,0.0,0.0,0.0,0.08203225,0.0,0.0,0.19751575,0.0,0.0,0.048826625
390097,current,0.0,0.0,0.0,0.0,0.0,0.0,0.0,0.0,0.0,0.0,0.0,0.0,0.0,0.0,0.0,0.0,0.0,0.0,0.0,0.0,0.0,0.0,0.0,0.0,0.0,0.0,0.0,0.0,0.0,0.0
390104,current,0.0,0.0,0.173109875,0.0,0.0,0.0,0.0,0.0,0.0,0.0,0.0,0.00841,0.0,0.0,0.0,0.34831825,0.0,0.0,0.0,0.0057599999999999995,0.0,0.0,0.0,0.0,0.0,0.0,0.0,0.0,0.0,0.0
390111,current,0.0,0.0,1.148238125,0.011055625000000001,0.0,0.0,0.0,0.0,0.0,0.0,0.0,0.0,0.0,0.0,0.0,0.0,0.0,0.0,0.0,0.0,0.0,0.0,0.0,0.04325725,0.008372250000000001,0.0,0.0200845,0.0,0.0,0.0
390117,current,0.0,0.33515475,0.4665905,0.26135149999999996,0.0,0.0,0.0,0.0,0.0,0.0,0.0,0.17940862500000002,0.0,0.0,0.0,0.026082249999999994,0.0,0.0,0.0,0.0,0.0,0.0,0.0,0.07982875,0.0,0.009163125000000001,0.0,0.0,0.05862437499999999,0.0
390123,current,0.0,0.0,0.0,0.0,0.0,0.0,0.0,0.0,0.0,0.0,0.0,0.0,0.0,0.0,0.0,1.7846565,0.0,0.0,0.0,0.0,0.0,0.0,0.0,0.0,0.0,0.0,0.0,0.0,0.0,0.0
390138,current,0.0,0.0,0.0,0.0,0.0,0.0,0.0,0.0,0.0,0.0,0.0,0.024814,0.0,0.0,0.0,0.0,0.0,0.0,0.0,0.0,0.0,0.0,0.0,0.513413,0.0,0.0,0.009455625,0.0,0.06136675,0.047376249999999995
390141,current,0.0,0.01500625,0.0,0.311827625,0.0,0.0,0.0,0.0,0.0,0.0,0.0,0.0,0.0,0.0,0.26947625000000003,0.37407025,0.0,0.0,0.0,0.0,0.0,0.0,0.0,0.03791125,0.0,0.011965625,0.01047625,0.0,0.0,0.0
390151,current,0.0,0.0,0.10749137499999999,0.0,0.0,0.0,0.0,0.0,0.0,0.0,0.0,0.0,0.0,0.0,0.0,0.0,0.0,0.0,0.0,0.0,0.0,0.0,0.0,0.08047099999999999,0.0,0.0,0.0,0.0,0.0,0.0
390152,current,0.0,0.0,0.0,0.0,0.0,0.0,0.0,0.0,0.0,0.0,0.0,0.349457,0.0,0.0,0.0,0.0,0.0,0.0,0.0,0.0,0.0,0.0,0.0,0.2376855,0.0,0.0,0.0959075,0.0,0.051291500000000004,0.0
390172,current,0.0,0.029522,0.0,0.11009849999999999,0.0,0.0,0.0,0.0,0.0,0.00361,0.0,0.0,0.0,0.0,0.2388155,0.758792,0.0,0.0,0.0,0.0,0.0,0.0,0.0,0.039094000000000004,0.0048400000000000006,0.009455625,0.0,0.0,0.0164025,0.0
390198,current,0.0,0.0,0.0,0.0,0.0,0.0,0.0,0.0,0.0,2.18177025,0.0,0.0,0.0,0.0,0.0,0.31567775,0.0,0.0,0.0,0.0,0.0,0.0,0.0,0.0,0.0,0.0,0.0,0.0,0.0,0.0
390199,current,0.0,0.0055225000000000005,0.0,0.0,0.1287575,0.0,0.0,0.0,0.0,0.0,0.0,0.0,0.0,0.048066375,0.0,0.003515625,0.0,0.0,0.0,0.0,0.0,0.0,0.52214925,0.0,0.0,0.31813475,0.0,0.0,0.0,0.0
390200,current,0.0,0.003515625,0.0,0.39600275,0.0,0.0,0.0,0.0,0.0,0.0,0.0,0.0,0.0,0.01500625,0.0,0.04911625,0.0,0.0,0.0,0.0,0.0,0.0,0.271275875,0.0,0.058263999999999996,0.124209375,0.0,0.0,0.10130662500000001,0.0
390202,current,0.0,0.0,0.0,0.081174625,0.0,0.0,0.0,0.0,0.0,0.03330625,0.0,0.12864025,0.0,0.0,0.0,0.039204,0.0,0.0,0.0,0.0,0.0,0.0,0.0,0.00874225,0.0,0.0,0.17639775000000002,0.0,0.0,0.034867875000000007
390249,current,0.0,0.0,0.0,0.0,0.030102250000000004,0.0,0.0,0.0,0.0,0.0,0.0,0.0,0.0,0.0,0.0,0.0,0.0,0.0,0.0,0.0,0.0,0.0,0.13503425000000002,0.0,0.0,0.159700625,0.0,0.0,0.0,0.0
390289,current,0.42816375,0.0,0.0,0.0,0.0,0.0,0.0,0.0,0.0,0.0,0.0,0.0,0.0,0.229659,0.017397250000000003,0.0,0.0,0.0,0.0,0.0,0.0,0.0,0.0,0.028560999999999996,0.0460225,0.023946875,0.010816000000000001,0.0,0.141464375,0.0
390358,current,0.0,0.0,0.0,0.0,0.0,0.0,0.0,0.0,0.0,1.297273,0.0,0.0,0.0,0.0,0.0,1.000925875,0.0,0.0,0.0,0.0,0.0,0.0,0.0,0.0,0.0,0.0,0.0,0.0,0.0,0.0
390376,current,0.0,0.0,0.903758,0.0,0.0,0.0,0.0,0.0,0.0,0.0,0.0,0.0,0.0,0.0,0.0,0.0,0.0,0.0,0.0,0.0,0.0,0.0,0.0,0.0,0.0,0.0,0.0,0.0,0.0,0.0
390383,current,0.0235925,0.0046225,0.23190475,0.17305774999999998,0.0,0.0,0.0,0.0,0.0,0.030871249999999996,0.0,0.013875625,0.0,0.0,0.0,0.10205012499999999,0.0,0.0,0.0,0.0,0.0,0.0,0.0,0.0,0.0,0.010028125,0.0,0.0,0.0375365,0.0
390384,current,0.0,0.01243225,0.0,0.0,0.0,0.0,0.0,0.0,0.0,0.0,0.0,0.0,0.0,0.089667125,0.0,0.0,0.0,0.0,0.0,0.0,0.0,0.0,0.0,0.0,0.10819999999999999,0.003515625,0.017292250000000002,0.0367665,0.004305625000000001,0.0
390388,current,0.5981608749999999,0.32054475,0.0,0.0,0.08505449999999999,0.0,0.0,0.0,0.0,0.0,0.0,0.0,0.0,0.0,0.0,0.0,0.0,0.0,0.0,0.0,0.0,0.0,0.0,0.0,0.0,0.0,0.0,0.17773925000000002,0.0,0.0
390397,current,0.06367287499999999,0.0614965,0.0,0.0,0.0,0.0,0.0,0.0,0.0,0.0,0.0,0.0,0.0,0.12840525,0.0,0.25467875,0.0,0.0,0.0,0.0,0.0,0.0,0.0,0.0,0.23339300000000002,0.0,0.0,0.16337125,0.0,0.0
390400,current,0.0,0.0,0.24601175,0.284900875,0.0,0.0,0.0,0.0,0.0,0.0,0.0,0.007700625,0.0,0.0,0.0,0.06788225,0.0,0.0,0.0,0.31614075,0.0,0.0,0.0,0.077444,0.0,0.00441,0.017222500000000005,0.0,0.0,0.0
390401,current,0.0,0.0,0.463893375,0.0,0.0,0.0,0.0,0.0,0.0,0.0,0.0,0.17310975,0.0,0.0,0.0,0.024744749999999996,0.0,0.0,0.0,0.0,0.0,0.0,0.0,0.0280625,0.0,0.0,0.12306675000000002,0.0,0.0,0.02406125
390405,current,0.0,0.12919850000000002,0.0,0.0,0.0,0.0,0.0,0.0,0.0,1.64965925,0.0,0.283526125,0.0,0.0,0.0,0.238717875,0.0,0.0,0.0,0.0,0.0,0.0,0.0,0.00950625,0.0,0.0,0.06571425,0.0,0.0,0.0
390408,current,0.0,0.0,0.0,0.0,0.0,0.0,0.0,0.0,0.0,0.021670625000000002,0.0,0.0,0.0,0.0057599999999999995,0.0,0.0,0.0,0.0,0.0,0.0,0.0,0.0,0.0,0.0,0.0,0.01669375,0.0,0.0,0.0,0.0
390409,current,0.0,0.0,0.0,0.0,0.0,0.0,0.0,0.0,0.0,0.0,0.0,0.0,0.0,0.009302499999999998,0.0,0.020200375000000003,0.0,0.0,0.0,0.0,0.0,0.0,0.15659162499999998,0.0,0.12342437499999999,0.004730624999999999,0.0,0.011902500000000002,0.02461225,0.0
390419,current,0.0,0.0,0.0,0.0,0.0,0.0,0.0,0.0,0.0,0.047491,0.0,0.0,0.0,0.238659,0.0,0.0,0.0,0.0,0.0,0.0,0.0,0.0,0.0,0.0,0.00950625,0.010936250000000002,0.028356250000000003,0.06688725,0.045622249999999996,0.0
390424,current,0.11947625,0.0055225000000000005,0.0,0.0,0.0,0.0,0.0,0.0,0.0,0.221947625,0.0,0.0,0.0,0.0,0.0,0.041781625,0.0,0.0,0.0,0.0,0.0,0.0,0.0,0.0,0.096829375,0.004305625000000001,0.0,0.0,0.245064375,0.0
390429,current,0.0,0.028224000000000003,0.0,0.0,0.0,0.0,0.0,0.0,0.0,0.0834185,0.0,0.0,0.0,0.153762375,0.0,0.0,0.0,0.0,0.0,0.0,0.0,0.0,0.0,0.0,0.029412249999999994,0.063784375,0.0,0.0,0.0048400000000000006,0.0
390443,current,0.0,0.0,0.0,0.0,0.0,0.0,0.0,0.0,0.0,0.07512775000000001,0.0,0.0,0.0,0.0,0.0,1.208731875,0.0,0.0,0.0,0.0,0.0,0.0,0.0,0.008649,0.0,0.0,0.0,0.0,0.0,0.0
